"ProteinName","PeptideSequence","PrecursorCharge","FragmentIon","ProductCharge","IsotopeLabelType","Condition","BioReplicate","Run","Intensity"
"contam_sp|P02769|ALBU_BOVIN","EC[57.0215]C[57.0215]HGDLLEC[57.0215]ADDRADLAK",3,NA,NA,"L","IDHwt",1,"20170612_QEP8_JaBA_SA_LT01_V1_LC12_8_2FX2D1mS123fM2_sample03",77687480
"contam_sp|P02769|ALBU_BOVIN","EC[57.0215]C[57.0215]HGDLLEC[57.0215]ADDRADLAK",3,NA,NA,"L","IDHwt",2,"20170612_QEP8_JaBA_SA_LT01_V1_LC12_8_2FX2D1mS123fM2_sample06",NA
"contam_sp|P02769|ALBU_BOVIN","EC[57.0215]C[57.0215]HGDLLEC[57.0215]ADDRADLAK",3,NA,NA,"L","IDHwt",3,"20170612_QEP8_JaBA_SA_LT01_V1_LC12_8_2FX2D1mS123fM2_sample09",NA
"contam_sp|P02769|ALBU_BOVIN","EC[57.0215]C[57.0215]HGDLLEC[57.0215]ADDRADLAK",3,NA,NA,"L","IDHmut",4,"20170612_QEP8_JaBA_SA_LT01_V1_LC12_8_2FX2D1mS123fM2_sample11",NA
"contam_sp|P02769|ALBU_BOVIN","EC[57.0215]C[57.0215]HGDLLEC[57.0215]ADDRADLAK",3,NA,NA,"L","IDHmut",5,"20170612_QEP8_JaBA_SA_LT01_V1_LC12_8_2FX2D1mS123fM2_sample12",NA
"contam_sp|P02769|ALBU_BOVIN","EC[57.0215]C[57.0215]HGDLLEC[57.0215]ADDRADLAK",3,NA,NA,"L","IDHmut",6,"20170612_QEP8_JaBA_SA_LT01_V1_LC12_8_2FX2D1mS123fM2_sample13",NA
"contam_sp|P02769|ALBU_BOVIN","RHPYFYAPELLYYANK",3,NA,NA,"L","IDHwt",1,"20170612_QEP8_JaBA_SA_LT01_V1_LC12_8_2FX2D1mS123fM2_sample03",108951390
"contam_sp|P02769|ALBU_BOVIN","RHPYFYAPELLYYANK",3,NA,NA,"L","IDHwt",2,"20170612_QEP8_JaBA_SA_LT01_V1_LC12_8_2FX2D1mS123fM2_sample06",NA
"contam_sp|P02769|ALBU_BOVIN","RHPYFYAPELLYYANK",3,NA,NA,"L","IDHwt",3,"20170612_QEP8_JaBA_SA_LT01_V1_LC12_8_2FX2D1mS123fM2_sample09",NA
"contam_sp|P02769|ALBU_BOVIN","RHPYFYAPELLYYANK",3,NA,NA,"L","IDHmut",4,"20170612_QEP8_JaBA_SA_LT01_V1_LC12_8_2FX2D1mS123fM2_sample11",NA
"contam_sp|P02769|ALBU_BOVIN","RHPYFYAPELLYYANK",3,NA,NA,"L","IDHmut",5,"20170612_QEP8_JaBA_SA_LT01_V1_LC12_8_2FX2D1mS123fM2_sample12",NA
"contam_sp|P02769|ALBU_BOVIN","RHPYFYAPELLYYANK",3,NA,NA,"L","IDHmut",6,"20170612_QEP8_JaBA_SA_LT01_V1_LC12_8_2FX2D1mS123fM2_sample13",NA
"contam_sp|P02769|ALBU_BOVIN","KQTALVELLK",2,NA,NA,"L","IDHwt",1,"20170612_QEP8_JaBA_SA_LT01_V1_LC12_8_2FX2D1mS123fM2_sample03",NA
"contam_sp|P02769|ALBU_BOVIN","KQTALVELLK",2,NA,NA,"L","IDHwt",2,"20170612_QEP8_JaBA_SA_LT01_V1_LC12_8_2FX2D1mS123fM2_sample06",NA
"contam_sp|P02769|ALBU_BOVIN","KQTALVELLK",2,NA,NA,"L","IDHwt",3,"20170612_QEP8_JaBA_SA_LT01_V1_LC12_8_2FX2D1mS123fM2_sample09",78331410
"contam_sp|P02769|ALBU_BOVIN","KQTALVELLK",2,NA,NA,"L","IDHmut",4,"20170612_QEP8_JaBA_SA_LT01_V1_LC12_8_2FX2D1mS123fM2_sample11",NA
"contam_sp|P02769|ALBU_BOVIN","KQTALVELLK",2,NA,NA,"L","IDHmut",5,"20170612_QEP8_JaBA_SA_LT01_V1_LC12_8_2FX2D1mS123fM2_sample12",NA
"contam_sp|P02769|ALBU_BOVIN","KQTALVELLK",2,NA,NA,"L","IDHmut",6,"20170612_QEP8_JaBA_SA_LT01_V1_LC12_8_2FX2D1mS123fM2_sample13",NA
"contam_sp|P02769|ALBU_BOVIN","KQTALVELLK",3,NA,NA,"L","IDHwt",1,"20170612_QEP8_JaBA_SA_LT01_V1_LC12_8_2FX2D1mS123fM2_sample03",NA
"contam_sp|P02769|ALBU_BOVIN","KQTALVELLK",3,NA,NA,"L","IDHwt",2,"20170612_QEP8_JaBA_SA_LT01_V1_LC12_8_2FX2D1mS123fM2_sample06",NA
"contam_sp|P02769|ALBU_BOVIN","KQTALVELLK",3,NA,NA,"L","IDHwt",3,"20170612_QEP8_JaBA_SA_LT01_V1_LC12_8_2FX2D1mS123fM2_sample09",61331470
"contam_sp|P02769|ALBU_BOVIN","KQTALVELLK",3,NA,NA,"L","IDHmut",4,"20170612_QEP8_JaBA_SA_LT01_V1_LC12_8_2FX2D1mS123fM2_sample11",NA
"contam_sp|P02769|ALBU_BOVIN","KQTALVELLK",3,NA,NA,"L","IDHmut",5,"20170612_QEP8_JaBA_SA_LT01_V1_LC12_8_2FX2D1mS123fM2_sample12",NA
"contam_sp|P02769|ALBU_BOVIN","KQTALVELLK",3,NA,NA,"L","IDHmut",6,"20170612_QEP8_JaBA_SA_LT01_V1_LC12_8_2FX2D1mS123fM2_sample13",NA
"contam_sp|P02769|ALBU_BOVIN","QTALVELLKHK",2,NA,NA,"L","IDHwt",1,"20170612_QEP8_JaBA_SA_LT01_V1_LC12_8_2FX2D1mS123fM2_sample03",258018980
"contam_sp|P02769|ALBU_BOVIN","QTALVELLKHK",2,NA,NA,"L","IDHwt",2,"20170612_QEP8_JaBA_SA_LT01_V1_LC12_8_2FX2D1mS123fM2_sample06",155662180
"contam_sp|P02769|ALBU_BOVIN","QTALVELLKHK",2,NA,NA,"L","IDHwt",3,"20170612_QEP8_JaBA_SA_LT01_V1_LC12_8_2FX2D1mS123fM2_sample09",339909300
"contam_sp|P02769|ALBU_BOVIN","QTALVELLKHK",2,NA,NA,"L","IDHmut",4,"20170612_QEP8_JaBA_SA_LT01_V1_LC12_8_2FX2D1mS123fM2_sample11",NA
"contam_sp|P02769|ALBU_BOVIN","QTALVELLKHK",2,NA,NA,"L","IDHmut",5,"20170612_QEP8_JaBA_SA_LT01_V1_LC12_8_2FX2D1mS123fM2_sample12",82571480
"contam_sp|P02769|ALBU_BOVIN","QTALVELLKHK",2,NA,NA,"L","IDHmut",6,"20170612_QEP8_JaBA_SA_LT01_V1_LC12_8_2FX2D1mS123fM2_sample13",146619970
"contam_sp|P02769|ALBU_BOVIN","QTALVELLK",2,NA,NA,"L","IDHwt",1,"20170612_QEP8_JaBA_SA_LT01_V1_LC12_8_2FX2D1mS123fM2_sample03",632251000
"contam_sp|P02769|ALBU_BOVIN","QTALVELLK",2,NA,NA,"L","IDHwt",2,"20170612_QEP8_JaBA_SA_LT01_V1_LC12_8_2FX2D1mS123fM2_sample06",374567330
"contam_sp|P02769|ALBU_BOVIN","QTALVELLK",2,NA,NA,"L","IDHwt",3,"20170612_QEP8_JaBA_SA_LT01_V1_LC12_8_2FX2D1mS123fM2_sample09",881622600
"contam_sp|P02769|ALBU_BOVIN","QTALVELLK",2,NA,NA,"L","IDHmut",4,"20170612_QEP8_JaBA_SA_LT01_V1_LC12_8_2FX2D1mS123fM2_sample11",NA
"contam_sp|P02769|ALBU_BOVIN","QTALVELLK",2,NA,NA,"L","IDHmut",5,"20170612_QEP8_JaBA_SA_LT01_V1_LC12_8_2FX2D1mS123fM2_sample12",251529500
"contam_sp|P02769|ALBU_BOVIN","QTALVELLK",2,NA,NA,"L","IDHmut",6,"20170612_QEP8_JaBA_SA_LT01_V1_LC12_8_2FX2D1mS123fM2_sample13",481847700
"contam_sp|P02769|ALBU_BOVIN","YTRKVPQVSTPTLVEVSR",3,NA,NA,"L","IDHwt",1,"20170612_QEP8_JaBA_SA_LT01_V1_LC12_8_2FX2D1mS123fM2_sample03",NA
"contam_sp|P02769|ALBU_BOVIN","YTRKVPQVSTPTLVEVSR",3,NA,NA,"L","IDHwt",2,"20170612_QEP8_JaBA_SA_LT01_V1_LC12_8_2FX2D1mS123fM2_sample06",NA
"contam_sp|P02769|ALBU_BOVIN","YTRKVPQVSTPTLVEVSR",3,NA,NA,"L","IDHwt",3,"20170612_QEP8_JaBA_SA_LT01_V1_LC12_8_2FX2D1mS123fM2_sample09",71966216
"contam_sp|P02769|ALBU_BOVIN","YTRKVPQVSTPTLVEVSR",3,NA,NA,"L","IDHmut",4,"20170612_QEP8_JaBA_SA_LT01_V1_LC12_8_2FX2D1mS123fM2_sample11",NA
"contam_sp|P02769|ALBU_BOVIN","YTRKVPQVSTPTLVEVSR",3,NA,NA,"L","IDHmut",5,"20170612_QEP8_JaBA_SA_LT01_V1_LC12_8_2FX2D1mS123fM2_sample12",22470588
"contam_sp|P02769|ALBU_BOVIN","YTRKVPQVSTPTLVEVSR",3,NA,NA,"L","IDHmut",6,"20170612_QEP8_JaBA_SA_LT01_V1_LC12_8_2FX2D1mS123fM2_sample13",65098172
"contam_sp|P02769|ALBU_BOVIN","LVNELTEFAK",2,NA,NA,"L","IDHwt",1,"20170612_QEP8_JaBA_SA_LT01_V1_LC12_8_2FX2D1mS123fM2_sample03",156899020
"contam_sp|P02769|ALBU_BOVIN","LVNELTEFAK",2,NA,NA,"L","IDHwt",2,"20170612_QEP8_JaBA_SA_LT01_V1_LC12_8_2FX2D1mS123fM2_sample06",218012620
"contam_sp|P02769|ALBU_BOVIN","LVNELTEFAK",2,NA,NA,"L","IDHwt",3,"20170612_QEP8_JaBA_SA_LT01_V1_LC12_8_2FX2D1mS123fM2_sample09",647425500
"contam_sp|P02769|ALBU_BOVIN","LVNELTEFAK",2,NA,NA,"L","IDHmut",4,"20170612_QEP8_JaBA_SA_LT01_V1_LC12_8_2FX2D1mS123fM2_sample11",323692060
"contam_sp|P02769|ALBU_BOVIN","LVNELTEFAK",2,NA,NA,"L","IDHmut",5,"20170612_QEP8_JaBA_SA_LT01_V1_LC12_8_2FX2D1mS123fM2_sample12",156899250
"contam_sp|P02769|ALBU_BOVIN","LVNELTEFAK",2,NA,NA,"L","IDHmut",6,"20170612_QEP8_JaBA_SA_LT01_V1_LC12_8_2FX2D1mS123fM2_sample13",337679070
"contam_sp|P02769|ALBU_BOVIN","KQTALVELLKHK",3,NA,NA,"L","IDHwt",1,"20170612_QEP8_JaBA_SA_LT01_V1_LC12_8_2FX2D1mS123fM2_sample03",136052670
"contam_sp|P02769|ALBU_BOVIN","KQTALVELLKHK",3,NA,NA,"L","IDHwt",2,"20170612_QEP8_JaBA_SA_LT01_V1_LC12_8_2FX2D1mS123fM2_sample06",103556030
"contam_sp|P02769|ALBU_BOVIN","KQTALVELLKHK",3,NA,NA,"L","IDHwt",3,"20170612_QEP8_JaBA_SA_LT01_V1_LC12_8_2FX2D1mS123fM2_sample09",286050300
"contam_sp|P02769|ALBU_BOVIN","KQTALVELLKHK",3,NA,NA,"L","IDHmut",4,"20170612_QEP8_JaBA_SA_LT01_V1_LC12_8_2FX2D1mS123fM2_sample11",98356310
"contam_sp|P02769|ALBU_BOVIN","KQTALVELLKHK",3,NA,NA,"L","IDHmut",5,"20170612_QEP8_JaBA_SA_LT01_V1_LC12_8_2FX2D1mS123fM2_sample12",NA
"contam_sp|P02769|ALBU_BOVIN","KQTALVELLKHK",3,NA,NA,"L","IDHmut",6,"20170612_QEP8_JaBA_SA_LT01_V1_LC12_8_2FX2D1mS123fM2_sample13",169281540
"contam_sp|P02769|ALBU_BOVIN","QTALVELLKHK",4,NA,NA,"L","IDHwt",1,"20170612_QEP8_JaBA_SA_LT01_V1_LC12_8_2FX2D1mS123fM2_sample03",474300500
"contam_sp|P02769|ALBU_BOVIN","QTALVELLKHK",4,NA,NA,"L","IDHwt",2,"20170612_QEP8_JaBA_SA_LT01_V1_LC12_8_2FX2D1mS123fM2_sample06",288834240
"contam_sp|P02769|ALBU_BOVIN","QTALVELLKHK",4,NA,NA,"L","IDHwt",3,"20170612_QEP8_JaBA_SA_LT01_V1_LC12_8_2FX2D1mS123fM2_sample09",496282400
"contam_sp|P02769|ALBU_BOVIN","QTALVELLKHK",4,NA,NA,"L","IDHmut",4,"20170612_QEP8_JaBA_SA_LT01_V1_LC12_8_2FX2D1mS123fM2_sample11",NA
"contam_sp|P02769|ALBU_BOVIN","QTALVELLKHK",4,NA,NA,"L","IDHmut",5,"20170612_QEP8_JaBA_SA_LT01_V1_LC12_8_2FX2D1mS123fM2_sample12",NA
"contam_sp|P02769|ALBU_BOVIN","QTALVELLKHK",4,NA,NA,"L","IDHmut",6,"20170612_QEP8_JaBA_SA_LT01_V1_LC12_8_2FX2D1mS123fM2_sample13",219787310
"contam_sp|P02769|ALBU_BOVIN","KQTALVELLKHK",4,NA,NA,"L","IDHwt",1,"20170612_QEP8_JaBA_SA_LT01_V1_LC12_8_2FX2D1mS123fM2_sample03",72274200
"contam_sp|P02769|ALBU_BOVIN","KQTALVELLKHK",4,NA,NA,"L","IDHwt",2,"20170612_QEP8_JaBA_SA_LT01_V1_LC12_8_2FX2D1mS123fM2_sample06",NA
"contam_sp|P02769|ALBU_BOVIN","KQTALVELLKHK",4,NA,NA,"L","IDHwt",3,"20170612_QEP8_JaBA_SA_LT01_V1_LC12_8_2FX2D1mS123fM2_sample09",NA
"contam_sp|P02769|ALBU_BOVIN","KQTALVELLKHK",4,NA,NA,"L","IDHmut",4,"20170612_QEP8_JaBA_SA_LT01_V1_LC12_8_2FX2D1mS123fM2_sample11",NA
"contam_sp|P02769|ALBU_BOVIN","KQTALVELLKHK",4,NA,NA,"L","IDHmut",5,"20170612_QEP8_JaBA_SA_LT01_V1_LC12_8_2FX2D1mS123fM2_sample12",NA
"contam_sp|P02769|ALBU_BOVIN","KQTALVELLKHK",4,NA,NA,"L","IDHmut",6,"20170612_QEP8_JaBA_SA_LT01_V1_LC12_8_2FX2D1mS123fM2_sample13",100544180
"contam_sp|P02769|ALBU_BOVIN","QTALVELLKHK",3,NA,NA,"L","IDHwt",1,"20170612_QEP8_JaBA_SA_LT01_V1_LC12_8_2FX2D1mS123fM2_sample03",NA
"contam_sp|P02769|ALBU_BOVIN","QTALVELLKHK",3,NA,NA,"L","IDHwt",2,"20170612_QEP8_JaBA_SA_LT01_V1_LC12_8_2FX2D1mS123fM2_sample06",NA
"contam_sp|P02769|ALBU_BOVIN","QTALVELLKHK",3,NA,NA,"L","IDHwt",3,"20170612_QEP8_JaBA_SA_LT01_V1_LC12_8_2FX2D1mS123fM2_sample09",2313231400
"contam_sp|P02769|ALBU_BOVIN","QTALVELLKHK",3,NA,NA,"L","IDHmut",4,"20170612_QEP8_JaBA_SA_LT01_V1_LC12_8_2FX2D1mS123fM2_sample11",1023570500
"contam_sp|P02769|ALBU_BOVIN","QTALVELLKHK",3,NA,NA,"L","IDHmut",5,"20170612_QEP8_JaBA_SA_LT01_V1_LC12_8_2FX2D1mS123fM2_sample12",NA
"contam_sp|P02769|ALBU_BOVIN","QTALVELLKHK",3,NA,NA,"L","IDHmut",6,"20170612_QEP8_JaBA_SA_LT01_V1_LC12_8_2FX2D1mS123fM2_sample13",1239938800
"contam_sp|P02769|ALBU_BOVIN","QTALVELLKHKPK",3,NA,NA,"L","IDHwt",1,"20170612_QEP8_JaBA_SA_LT01_V1_LC12_8_2FX2D1mS123fM2_sample03",NA
"contam_sp|P02769|ALBU_BOVIN","QTALVELLKHKPK",3,NA,NA,"L","IDHwt",2,"20170612_QEP8_JaBA_SA_LT01_V1_LC12_8_2FX2D1mS123fM2_sample06",NA
"contam_sp|P02769|ALBU_BOVIN","QTALVELLKHKPK",3,NA,NA,"L","IDHwt",3,"20170612_QEP8_JaBA_SA_LT01_V1_LC12_8_2FX2D1mS123fM2_sample09",40162024
"contam_sp|P02769|ALBU_BOVIN","QTALVELLKHKPK",3,NA,NA,"L","IDHmut",4,"20170612_QEP8_JaBA_SA_LT01_V1_LC12_8_2FX2D1mS123fM2_sample11",NA
"contam_sp|P02769|ALBU_BOVIN","QTALVELLKHKPK",3,NA,NA,"L","IDHmut",5,"20170612_QEP8_JaBA_SA_LT01_V1_LC12_8_2FX2D1mS123fM2_sample12",NA
"contam_sp|P02769|ALBU_BOVIN","QTALVELLKHKPK",3,NA,NA,"L","IDHmut",6,"20170612_QEP8_JaBA_SA_LT01_V1_LC12_8_2FX2D1mS123fM2_sample13",NA
"contam_sp|P02769|ALBU_BOVIN","RHPEYAVSVLLR",2,NA,NA,"L","IDHwt",1,"20170612_QEP8_JaBA_SA_LT01_V1_LC12_8_2FX2D1mS123fM2_sample03",40988244
"contam_sp|P02769|ALBU_BOVIN","RHPEYAVSVLLR",2,NA,NA,"L","IDHwt",2,"20170612_QEP8_JaBA_SA_LT01_V1_LC12_8_2FX2D1mS123fM2_sample06",NA
"contam_sp|P02769|ALBU_BOVIN","RHPEYAVSVLLR",2,NA,NA,"L","IDHwt",3,"20170612_QEP8_JaBA_SA_LT01_V1_LC12_8_2FX2D1mS123fM2_sample09",NA
"contam_sp|P02769|ALBU_BOVIN","RHPEYAVSVLLR",2,NA,NA,"L","IDHmut",4,"20170612_QEP8_JaBA_SA_LT01_V1_LC12_8_2FX2D1mS123fM2_sample11",NA
"contam_sp|P02769|ALBU_BOVIN","RHPEYAVSVLLR",2,NA,NA,"L","IDHmut",5,"20170612_QEP8_JaBA_SA_LT01_V1_LC12_8_2FX2D1mS123fM2_sample12",NA
"contam_sp|P02769|ALBU_BOVIN","RHPEYAVSVLLR",2,NA,NA,"L","IDHmut",6,"20170612_QEP8_JaBA_SA_LT01_V1_LC12_8_2FX2D1mS123fM2_sample13",NA
"contam_sp|P02769|ALBU_BOVIN","FKDLGEEHFKGLVLIAFSQYLQQC[57.0215]PFDEHVK",3,NA,NA,"L","IDHwt",1,"20170612_QEP8_JaBA_SA_LT01_V1_LC12_8_2FX2D1mS123fM2_sample03",NA
"contam_sp|P02769|ALBU_BOVIN","FKDLGEEHFKGLVLIAFSQYLQQC[57.0215]PFDEHVK",3,NA,NA,"L","IDHwt",2,"20170612_QEP8_JaBA_SA_LT01_V1_LC12_8_2FX2D1mS123fM2_sample06",NA
"contam_sp|P02769|ALBU_BOVIN","FKDLGEEHFKGLVLIAFSQYLQQC[57.0215]PFDEHVK",3,NA,NA,"L","IDHwt",3,"20170612_QEP8_JaBA_SA_LT01_V1_LC12_8_2FX2D1mS123fM2_sample09",NA
"contam_sp|P02769|ALBU_BOVIN","FKDLGEEHFKGLVLIAFSQYLQQC[57.0215]PFDEHVK",3,NA,NA,"L","IDHmut",4,"20170612_QEP8_JaBA_SA_LT01_V1_LC12_8_2FX2D1mS123fM2_sample11",NA
"contam_sp|P02769|ALBU_BOVIN","FKDLGEEHFKGLVLIAFSQYLQQC[57.0215]PFDEHVK",3,NA,NA,"L","IDHmut",5,"20170612_QEP8_JaBA_SA_LT01_V1_LC12_8_2FX2D1mS123fM2_sample12",NA
"contam_sp|P02769|ALBU_BOVIN","FKDLGEEHFKGLVLIAFSQYLQQC[57.0215]PFDEHVK",3,NA,NA,"L","IDHmut",6,"20170612_QEP8_JaBA_SA_LT01_V1_LC12_8_2FX2D1mS123fM2_sample13",4147192.8
"contam_sp|P02769|ALBU_BOVIN","FKDLGEEHFKGLVLIAFSQYLQQC[57.0215]PFDEHVK",4,NA,NA,"L","IDHwt",1,"20170612_QEP8_JaBA_SA_LT01_V1_LC12_8_2FX2D1mS123fM2_sample03",NA
"contam_sp|P02769|ALBU_BOVIN","FKDLGEEHFKGLVLIAFSQYLQQC[57.0215]PFDEHVK",4,NA,NA,"L","IDHwt",2,"20170612_QEP8_JaBA_SA_LT01_V1_LC12_8_2FX2D1mS123fM2_sample06",NA
"contam_sp|P02769|ALBU_BOVIN","FKDLGEEHFKGLVLIAFSQYLQQC[57.0215]PFDEHVK",4,NA,NA,"L","IDHwt",3,"20170612_QEP8_JaBA_SA_LT01_V1_LC12_8_2FX2D1mS123fM2_sample09",12578610
"contam_sp|P02769|ALBU_BOVIN","FKDLGEEHFKGLVLIAFSQYLQQC[57.0215]PFDEHVK",4,NA,NA,"L","IDHmut",4,"20170612_QEP8_JaBA_SA_LT01_V1_LC12_8_2FX2D1mS123fM2_sample11",45213200
"contam_sp|P02769|ALBU_BOVIN","FKDLGEEHFKGLVLIAFSQYLQQC[57.0215]PFDEHVK",4,NA,NA,"L","IDHmut",5,"20170612_QEP8_JaBA_SA_LT01_V1_LC12_8_2FX2D1mS123fM2_sample12",NA
"contam_sp|P02769|ALBU_BOVIN","FKDLGEEHFKGLVLIAFSQYLQQC[57.0215]PFDEHVK",4,NA,NA,"L","IDHmut",6,"20170612_QEP8_JaBA_SA_LT01_V1_LC12_8_2FX2D1mS123fM2_sample13",38512336
"contam_sp|P02769|ALBU_BOVIN","RHPEYAVSVLLR",3,NA,NA,"L","IDHwt",1,"20170612_QEP8_JaBA_SA_LT01_V1_LC12_8_2FX2D1mS123fM2_sample03",488712000
"contam_sp|P02769|ALBU_BOVIN","RHPEYAVSVLLR",3,NA,NA,"L","IDHwt",2,"20170612_QEP8_JaBA_SA_LT01_V1_LC12_8_2FX2D1mS123fM2_sample06",NA
"contam_sp|P02769|ALBU_BOVIN","RHPEYAVSVLLR",3,NA,NA,"L","IDHwt",3,"20170612_QEP8_JaBA_SA_LT01_V1_LC12_8_2FX2D1mS123fM2_sample09",NA
"contam_sp|P02769|ALBU_BOVIN","RHPEYAVSVLLR",3,NA,NA,"L","IDHmut",4,"20170612_QEP8_JaBA_SA_LT01_V1_LC12_8_2FX2D1mS123fM2_sample11",NA
"contam_sp|P02769|ALBU_BOVIN","RHPEYAVSVLLR",3,NA,NA,"L","IDHmut",5,"20170612_QEP8_JaBA_SA_LT01_V1_LC12_8_2FX2D1mS123fM2_sample12",NA
"contam_sp|P02769|ALBU_BOVIN","RHPEYAVSVLLR",3,NA,NA,"L","IDHmut",6,"20170612_QEP8_JaBA_SA_LT01_V1_LC12_8_2FX2D1mS123fM2_sample13",NA
"sp|A0A024RBG1|NUD4B_HUMAN","LLGIFEQNQDRK",3,NA,NA,"L","IDHwt",1,"20170612_QEP8_JaBA_SA_LT01_V1_LC12_8_2FX2D1mS123fM2_sample03",NA
"sp|A0A024RBG1|NUD4B_HUMAN","LLGIFEQNQDRK",3,NA,NA,"L","IDHwt",2,"20170612_QEP8_JaBA_SA_LT01_V1_LC12_8_2FX2D1mS123fM2_sample06",NA
"sp|A0A024RBG1|NUD4B_HUMAN","LLGIFEQNQDRK",3,NA,NA,"L","IDHwt",3,"20170612_QEP8_JaBA_SA_LT01_V1_LC12_8_2FX2D1mS123fM2_sample09",NA
"sp|A0A024RBG1|NUD4B_HUMAN","LLGIFEQNQDRK",3,NA,NA,"L","IDHmut",4,"20170612_QEP8_JaBA_SA_LT01_V1_LC12_8_2FX2D1mS123fM2_sample11",10830841
"sp|A0A024RBG1|NUD4B_HUMAN","LLGIFEQNQDRK",3,NA,NA,"L","IDHmut",5,"20170612_QEP8_JaBA_SA_LT01_V1_LC12_8_2FX2D1mS123fM2_sample12",NA
"sp|A0A024RBG1|NUD4B_HUMAN","LLGIFEQNQDRK",3,NA,NA,"L","IDHmut",6,"20170612_QEP8_JaBA_SA_LT01_V1_LC12_8_2FX2D1mS123fM2_sample13",NA
"sp|A0A075B6H9|LV469_HUMAN","FSGSSSGAER",2,NA,NA,"L","IDHwt",1,"20170612_QEP8_JaBA_SA_LT01_V1_LC12_8_2FX2D1mS123fM2_sample03",NA
"sp|A0A075B6H9|LV469_HUMAN","FSGSSSGAER",2,NA,NA,"L","IDHwt",2,"20170612_QEP8_JaBA_SA_LT01_V1_LC12_8_2FX2D1mS123fM2_sample06",2454980.5
"sp|A0A075B6H9|LV469_HUMAN","FSGSSSGAER",2,NA,NA,"L","IDHwt",3,"20170612_QEP8_JaBA_SA_LT01_V1_LC12_8_2FX2D1mS123fM2_sample09",20553210
"sp|A0A075B6H9|LV469_HUMAN","FSGSSSGAER",2,NA,NA,"L","IDHmut",4,"20170612_QEP8_JaBA_SA_LT01_V1_LC12_8_2FX2D1mS123fM2_sample11",NA
"sp|A0A075B6H9|LV469_HUMAN","FSGSSSGAER",2,NA,NA,"L","IDHmut",5,"20170612_QEP8_JaBA_SA_LT01_V1_LC12_8_2FX2D1mS123fM2_sample12",NA
"sp|A0A075B6H9|LV469_HUMAN","FSGSSSGAER",2,NA,NA,"L","IDHmut",6,"20170612_QEP8_JaBA_SA_LT01_V1_LC12_8_2FX2D1mS123fM2_sample13",NA
"sp|A0A075B6I0|LV861_HUMAN","FSGSILGNK",2,NA,NA,"L","IDHwt",1,"20170612_QEP8_JaBA_SA_LT01_V1_LC12_8_2FX2D1mS123fM2_sample03",NA
"sp|A0A075B6I0|LV861_HUMAN","FSGSILGNK",2,NA,NA,"L","IDHwt",2,"20170612_QEP8_JaBA_SA_LT01_V1_LC12_8_2FX2D1mS123fM2_sample06",99729020
"sp|A0A075B6I0|LV861_HUMAN","FSGSILGNK",2,NA,NA,"L","IDHwt",3,"20170612_QEP8_JaBA_SA_LT01_V1_LC12_8_2FX2D1mS123fM2_sample09",200455540
"sp|A0A075B6I0|LV861_HUMAN","FSGSILGNK",2,NA,NA,"L","IDHmut",4,"20170612_QEP8_JaBA_SA_LT01_V1_LC12_8_2FX2D1mS123fM2_sample11",NA
"sp|A0A075B6I0|LV861_HUMAN","FSGSILGNK",2,NA,NA,"L","IDHmut",5,"20170612_QEP8_JaBA_SA_LT01_V1_LC12_8_2FX2D1mS123fM2_sample12",NA
"sp|A0A075B6I0|LV861_HUMAN","FSGSILGNK",2,NA,NA,"L","IDHmut",6,"20170612_QEP8_JaBA_SA_LT01_V1_LC12_8_2FX2D1mS123fM2_sample13",NA
"sp|A0A075B6J9|LV218_HUMAN","VSWYQQPPGTAPK",2,NA,NA,"L","IDHwt",1,"20170612_QEP8_JaBA_SA_LT01_V1_LC12_8_2FX2D1mS123fM2_sample03",NA
"sp|A0A075B6J9|LV218_HUMAN","VSWYQQPPGTAPK",2,NA,NA,"L","IDHwt",2,"20170612_QEP8_JaBA_SA_LT01_V1_LC12_8_2FX2D1mS123fM2_sample06",NA
"sp|A0A075B6J9|LV218_HUMAN","VSWYQQPPGTAPK",2,NA,NA,"L","IDHwt",3,"20170612_QEP8_JaBA_SA_LT01_V1_LC12_8_2FX2D1mS123fM2_sample09",42876264
"sp|A0A075B6J9|LV218_HUMAN","VSWYQQPPGTAPK",2,NA,NA,"L","IDHmut",4,"20170612_QEP8_JaBA_SA_LT01_V1_LC12_8_2FX2D1mS123fM2_sample11",NA
"sp|A0A075B6J9|LV218_HUMAN","VSWYQQPPGTAPK",2,NA,NA,"L","IDHmut",5,"20170612_QEP8_JaBA_SA_LT01_V1_LC12_8_2FX2D1mS123fM2_sample12",NA
"sp|A0A075B6J9|LV218_HUMAN","VSWYQQPPGTAPK",2,NA,NA,"L","IDHmut",6,"20170612_QEP8_JaBA_SA_LT01_V1_LC12_8_2FX2D1mS123fM2_sample13",NA
"sp|A0A075B6K2|LV312_HUMAN","FSGSNPGNTATLTISR",2,NA,NA,"L","IDHwt",1,"20170612_QEP8_JaBA_SA_LT01_V1_LC12_8_2FX2D1mS123fM2_sample03",NA
"sp|A0A075B6K2|LV312_HUMAN","FSGSNPGNTATLTISR",2,NA,NA,"L","IDHwt",2,"20170612_QEP8_JaBA_SA_LT01_V1_LC12_8_2FX2D1mS123fM2_sample06",NA
"sp|A0A075B6K2|LV312_HUMAN","FSGSNPGNTATLTISR",2,NA,NA,"L","IDHwt",3,"20170612_QEP8_JaBA_SA_LT01_V1_LC12_8_2FX2D1mS123fM2_sample09",NA
"sp|A0A075B6K2|LV312_HUMAN","FSGSNPGNTATLTISR",2,NA,NA,"L","IDHmut",4,"20170612_QEP8_JaBA_SA_LT01_V1_LC12_8_2FX2D1mS123fM2_sample11",NA
"sp|A0A075B6K2|LV312_HUMAN","FSGSNPGNTATLTISR",2,NA,NA,"L","IDHmut",5,"20170612_QEP8_JaBA_SA_LT01_V1_LC12_8_2FX2D1mS123fM2_sample12",51243436
"sp|A0A075B6K2|LV312_HUMAN","FSGSNPGNTATLTISR",2,NA,NA,"L","IDHmut",6,"20170612_QEP8_JaBA_SA_LT01_V1_LC12_8_2FX2D1mS123fM2_sample13",NA
"sp|A0A075B6K4|LV310_HUMAN","RPSGIPER",3,NA,NA,"L","IDHwt",1,"20170612_QEP8_JaBA_SA_LT01_V1_LC12_8_2FX2D1mS123fM2_sample03",NA
"sp|A0A075B6K4|LV310_HUMAN","RPSGIPER",3,NA,NA,"L","IDHwt",2,"20170612_QEP8_JaBA_SA_LT01_V1_LC12_8_2FX2D1mS123fM2_sample06",63695310
"sp|A0A075B6K4|LV310_HUMAN","RPSGIPER",3,NA,NA,"L","IDHwt",3,"20170612_QEP8_JaBA_SA_LT01_V1_LC12_8_2FX2D1mS123fM2_sample09",NA
"sp|A0A075B6K4|LV310_HUMAN","RPSGIPER",3,NA,NA,"L","IDHmut",4,"20170612_QEP8_JaBA_SA_LT01_V1_LC12_8_2FX2D1mS123fM2_sample11",NA
"sp|A0A075B6K4|LV310_HUMAN","RPSGIPER",3,NA,NA,"L","IDHmut",5,"20170612_QEP8_JaBA_SA_LT01_V1_LC12_8_2FX2D1mS123fM2_sample12",NA
"sp|A0A075B6K4|LV310_HUMAN","RPSGIPER",3,NA,NA,"L","IDHmut",6,"20170612_QEP8_JaBA_SA_LT01_V1_LC12_8_2FX2D1mS123fM2_sample13",NA
"sp|A0A075B6K4|LV310_HUMAN","RPSGIPER",2,NA,NA,"L","IDHwt",1,"20170612_QEP8_JaBA_SA_LT01_V1_LC12_8_2FX2D1mS123fM2_sample03",78222800
"sp|A0A075B6K4|LV310_HUMAN","RPSGIPER",2,NA,NA,"L","IDHwt",2,"20170612_QEP8_JaBA_SA_LT01_V1_LC12_8_2FX2D1mS123fM2_sample06",129683260
"sp|A0A075B6K4|LV310_HUMAN","RPSGIPER",2,NA,NA,"L","IDHwt",3,"20170612_QEP8_JaBA_SA_LT01_V1_LC12_8_2FX2D1mS123fM2_sample09",172532670
"sp|A0A075B6K4|LV310_HUMAN","RPSGIPER",2,NA,NA,"L","IDHmut",4,"20170612_QEP8_JaBA_SA_LT01_V1_LC12_8_2FX2D1mS123fM2_sample11",56131090
"sp|A0A075B6K4|LV310_HUMAN","RPSGIPER",2,NA,NA,"L","IDHmut",5,"20170612_QEP8_JaBA_SA_LT01_V1_LC12_8_2FX2D1mS123fM2_sample12",NA
"sp|A0A075B6K4|LV310_HUMAN","RPSGIPER",2,NA,NA,"L","IDHmut",6,"20170612_QEP8_JaBA_SA_LT01_V1_LC12_8_2FX2D1mS123fM2_sample13",28612214
"sp|A0A075B6K5|LV39_HUMAN","PGQAPVLVIYR",2,NA,NA,"L","IDHwt",1,"20170612_QEP8_JaBA_SA_LT01_V1_LC12_8_2FX2D1mS123fM2_sample03",NA
"sp|A0A075B6K5|LV39_HUMAN","PGQAPVLVIYR",2,NA,NA,"L","IDHwt",2,"20170612_QEP8_JaBA_SA_LT01_V1_LC12_8_2FX2D1mS123fM2_sample06",136054370
"sp|A0A075B6K5|LV39_HUMAN","PGQAPVLVIYR",2,NA,NA,"L","IDHwt",3,"20170612_QEP8_JaBA_SA_LT01_V1_LC12_8_2FX2D1mS123fM2_sample09",NA
"sp|A0A075B6K5|LV39_HUMAN","PGQAPVLVIYR",2,NA,NA,"L","IDHmut",4,"20170612_QEP8_JaBA_SA_LT01_V1_LC12_8_2FX2D1mS123fM2_sample11",NA
"sp|A0A075B6K5|LV39_HUMAN","PGQAPVLVIYR",2,NA,NA,"L","IDHmut",5,"20170612_QEP8_JaBA_SA_LT01_V1_LC12_8_2FX2D1mS123fM2_sample12",NA
"sp|A0A075B6K5|LV39_HUMAN","PGQAPVLVIYR",2,NA,NA,"L","IDHmut",6,"20170612_QEP8_JaBA_SA_LT01_V1_LC12_8_2FX2D1mS123fM2_sample13",38284296
"sp|A0A075B6K5|LV39_HUMAN","FSGSNSGNTATLTISR",2,NA,NA,"L","IDHwt",1,"20170612_QEP8_JaBA_SA_LT01_V1_LC12_8_2FX2D1mS123fM2_sample03",NA
"sp|A0A075B6K5|LV39_HUMAN","FSGSNSGNTATLTISR",2,NA,NA,"L","IDHwt",2,"20170612_QEP8_JaBA_SA_LT01_V1_LC12_8_2FX2D1mS123fM2_sample06",417509300
"sp|A0A075B6K5|LV39_HUMAN","FSGSNSGNTATLTISR",2,NA,NA,"L","IDHwt",3,"20170612_QEP8_JaBA_SA_LT01_V1_LC12_8_2FX2D1mS123fM2_sample09",672575550
"sp|A0A075B6K5|LV39_HUMAN","FSGSNSGNTATLTISR",2,NA,NA,"L","IDHmut",4,"20170612_QEP8_JaBA_SA_LT01_V1_LC12_8_2FX2D1mS123fM2_sample11",613872450
"sp|A0A075B6K5|LV39_HUMAN","FSGSNSGNTATLTISR",2,NA,NA,"L","IDHmut",5,"20170612_QEP8_JaBA_SA_LT01_V1_LC12_8_2FX2D1mS123fM2_sample12",480663800
"sp|A0A075B6K5|LV39_HUMAN","FSGSNSGNTATLTISR",2,NA,NA,"L","IDHmut",6,"20170612_QEP8_JaBA_SA_LT01_V1_LC12_8_2FX2D1mS123fM2_sample13",NA
"sp|A0A075B6K5|LV39_HUMAN","DSNRPSGIPER",2,NA,NA,"L","IDHwt",1,"20170612_QEP8_JaBA_SA_LT01_V1_LC12_8_2FX2D1mS123fM2_sample03",NA
"sp|A0A075B6K5|LV39_HUMAN","DSNRPSGIPER",2,NA,NA,"L","IDHwt",2,"20170612_QEP8_JaBA_SA_LT01_V1_LC12_8_2FX2D1mS123fM2_sample06",NA
"sp|A0A075B6K5|LV39_HUMAN","DSNRPSGIPER",2,NA,NA,"L","IDHwt",3,"20170612_QEP8_JaBA_SA_LT01_V1_LC12_8_2FX2D1mS123fM2_sample09",NA
"sp|A0A075B6K5|LV39_HUMAN","DSNRPSGIPER",2,NA,NA,"L","IDHmut",4,"20170612_QEP8_JaBA_SA_LT01_V1_LC12_8_2FX2D1mS123fM2_sample11",75590616
"sp|A0A075B6K5|LV39_HUMAN","DSNRPSGIPER",2,NA,NA,"L","IDHmut",5,"20170612_QEP8_JaBA_SA_LT01_V1_LC12_8_2FX2D1mS123fM2_sample12",NA
"sp|A0A075B6K5|LV39_HUMAN","DSNRPSGIPER",2,NA,NA,"L","IDHmut",6,"20170612_QEP8_JaBA_SA_LT01_V1_LC12_8_2FX2D1mS123fM2_sample13",NA
"sp|A0A075B6K5|LV39_HUMAN","DSNRPSGIPER",3,NA,NA,"L","IDHwt",1,"20170612_QEP8_JaBA_SA_LT01_V1_LC12_8_2FX2D1mS123fM2_sample03",NA
"sp|A0A075B6K5|LV39_HUMAN","DSNRPSGIPER",3,NA,NA,"L","IDHwt",2,"20170612_QEP8_JaBA_SA_LT01_V1_LC12_8_2FX2D1mS123fM2_sample06",NA
"sp|A0A075B6K5|LV39_HUMAN","DSNRPSGIPER",3,NA,NA,"L","IDHwt",3,"20170612_QEP8_JaBA_SA_LT01_V1_LC12_8_2FX2D1mS123fM2_sample09",NA
"sp|A0A075B6K5|LV39_HUMAN","DSNRPSGIPER",3,NA,NA,"L","IDHmut",4,"20170612_QEP8_JaBA_SA_LT01_V1_LC12_8_2FX2D1mS123fM2_sample11",287948260
"sp|A0A075B6K5|LV39_HUMAN","DSNRPSGIPER",3,NA,NA,"L","IDHmut",5,"20170612_QEP8_JaBA_SA_LT01_V1_LC12_8_2FX2D1mS123fM2_sample12",NA
"sp|A0A075B6K5|LV39_HUMAN","DSNRPSGIPER",3,NA,NA,"L","IDHmut",6,"20170612_QEP8_JaBA_SA_LT01_V1_LC12_8_2FX2D1mS123fM2_sample13",NA
"sp|A0A075B6P5|KV228_HUMAN","ASGVPDR",2,NA,NA,"L","IDHwt",1,"20170612_QEP8_JaBA_SA_LT01_V1_LC12_8_2FX2D1mS123fM2_sample03",NA
"sp|A0A075B6P5|KV228_HUMAN","ASGVPDR",2,NA,NA,"L","IDHwt",2,"20170612_QEP8_JaBA_SA_LT01_V1_LC12_8_2FX2D1mS123fM2_sample06",NA
"sp|A0A075B6P5|KV228_HUMAN","ASGVPDR",2,NA,NA,"L","IDHwt",3,"20170612_QEP8_JaBA_SA_LT01_V1_LC12_8_2FX2D1mS123fM2_sample09",NA
"sp|A0A075B6P5|KV228_HUMAN","ASGVPDR",2,NA,NA,"L","IDHmut",4,"20170612_QEP8_JaBA_SA_LT01_V1_LC12_8_2FX2D1mS123fM2_sample11",9941463
"sp|A0A075B6P5|KV228_HUMAN","ASGVPDR",2,NA,NA,"L","IDHmut",5,"20170612_QEP8_JaBA_SA_LT01_V1_LC12_8_2FX2D1mS123fM2_sample12",NA
"sp|A0A075B6P5|KV228_HUMAN","ASGVPDR",2,NA,NA,"L","IDHmut",6,"20170612_QEP8_JaBA_SA_LT01_V1_LC12_8_2FX2D1mS123fM2_sample13",NA
"sp|A0A075B6P5|KV228_HUMAN","PGQSPQLLIYLGSNR",2,NA,NA,"L","IDHwt",1,"20170612_QEP8_JaBA_SA_LT01_V1_LC12_8_2FX2D1mS123fM2_sample03",121992990
"sp|A0A075B6P5|KV228_HUMAN","PGQSPQLLIYLGSNR",2,NA,NA,"L","IDHwt",2,"20170612_QEP8_JaBA_SA_LT01_V1_LC12_8_2FX2D1mS123fM2_sample06",NA
"sp|A0A075B6P5|KV228_HUMAN","PGQSPQLLIYLGSNR",2,NA,NA,"L","IDHwt",3,"20170612_QEP8_JaBA_SA_LT01_V1_LC12_8_2FX2D1mS123fM2_sample09",NA
"sp|A0A075B6P5|KV228_HUMAN","PGQSPQLLIYLGSNR",2,NA,NA,"L","IDHmut",4,"20170612_QEP8_JaBA_SA_LT01_V1_LC12_8_2FX2D1mS123fM2_sample11",NA
"sp|A0A075B6P5|KV228_HUMAN","PGQSPQLLIYLGSNR",2,NA,NA,"L","IDHmut",5,"20170612_QEP8_JaBA_SA_LT01_V1_LC12_8_2FX2D1mS123fM2_sample12",NA
"sp|A0A075B6P5|KV228_HUMAN","PGQSPQLLIYLGSNR",2,NA,NA,"L","IDHmut",6,"20170612_QEP8_JaBA_SA_LT01_V1_LC12_8_2FX2D1mS123fM2_sample13",390612930
"sp|A0A075B6P5|KV228_HUMAN","FSGSGSGTDFTLK",2,NA,NA,"L","IDHwt",1,"20170612_QEP8_JaBA_SA_LT01_V1_LC12_8_2FX2D1mS123fM2_sample03",640730600
"sp|A0A075B6P5|KV228_HUMAN","FSGSGSGTDFTLK",2,NA,NA,"L","IDHwt",2,"20170612_QEP8_JaBA_SA_LT01_V1_LC12_8_2FX2D1mS123fM2_sample06",1381902800
"sp|A0A075B6P5|KV228_HUMAN","FSGSGSGTDFTLK",2,NA,NA,"L","IDHwt",3,"20170612_QEP8_JaBA_SA_LT01_V1_LC12_8_2FX2D1mS123fM2_sample09",3001101000
"sp|A0A075B6P5|KV228_HUMAN","FSGSGSGTDFTLK",2,NA,NA,"L","IDHmut",4,"20170612_QEP8_JaBA_SA_LT01_V1_LC12_8_2FX2D1mS123fM2_sample11",1061071900
"sp|A0A075B6P5|KV228_HUMAN","FSGSGSGTDFTLK",2,NA,NA,"L","IDHmut",5,"20170612_QEP8_JaBA_SA_LT01_V1_LC12_8_2FX2D1mS123fM2_sample12",1327760800
"sp|A0A075B6P5|KV228_HUMAN","FSGSGSGTDFTLK",2,NA,NA,"L","IDHmut",6,"20170612_QEP8_JaBA_SA_LT01_V1_LC12_8_2FX2D1mS123fM2_sample13",640319200
"sp|A0A075B6R2|HV404_HUMAN","VTISVDK",2,NA,NA,"L","IDHwt",1,"20170612_QEP8_JaBA_SA_LT01_V1_LC12_8_2FX2D1mS123fM2_sample03",NA
"sp|A0A075B6R2|HV404_HUMAN","VTISVDK",2,NA,NA,"L","IDHwt",2,"20170612_QEP8_JaBA_SA_LT01_V1_LC12_8_2FX2D1mS123fM2_sample06",83266840
"sp|A0A075B6R2|HV404_HUMAN","VTISVDK",2,NA,NA,"L","IDHwt",3,"20170612_QEP8_JaBA_SA_LT01_V1_LC12_8_2FX2D1mS123fM2_sample09",99109420
"sp|A0A075B6R2|HV404_HUMAN","VTISVDK",2,NA,NA,"L","IDHmut",4,"20170612_QEP8_JaBA_SA_LT01_V1_LC12_8_2FX2D1mS123fM2_sample11",NA
"sp|A0A075B6R2|HV404_HUMAN","VTISVDK",2,NA,NA,"L","IDHmut",5,"20170612_QEP8_JaBA_SA_LT01_V1_LC12_8_2FX2D1mS123fM2_sample12",NA
"sp|A0A075B6R2|HV404_HUMAN","VTISVDK",2,NA,NA,"L","IDHmut",6,"20170612_QEP8_JaBA_SA_LT01_V1_LC12_8_2FX2D1mS123fM2_sample13",NA
