Confidence.Level,Search.ID,Processing.Node.No,Sequence,Unique.Sequence.ID,PSM.Ambiguity,Protein.Descriptions,X..Proteins,X..Protein.Groups,Protein.Group.Accessions,Modifications,Activation.Type,DeltaScore,DeltaCn,Rank,Search.Engine.Rank,Precursor.Area,QuanResultID,Decoy.Peptides.Matched,Exp.Value,Homology.Threshold,Identity.High,Identity.Middle,IonScore,Peptides.Matched,X..Missed.Cleavages,Isolation.Interference....,Ion.Inject.Time..ms.,Intensity,Charge,m.z..Da.,MH...Da.,Delta.Mass..Da.,Delta.Mass..PPM.,RT..min.,First.Scan,Last.Scan,MS.Order,Ions.Matched,Matched.Ions,Total.Ions,Spectrum.File,Annotation
High,A,4,SLIASTLYR,1327,Unambiguous,Uridine kinase OS=Escherichia coli (strain K12) GN=udk PE=3 SV=1 - [URK_ECOLI],1,1,P0A8F4,"",CID,1,0,1,1,32600000,,,0.27,13,13,13,19,6,0,53,3,1590000,2,512.29523,1023.58318,0,-0.17,48.61,14971,14971,MS2,Jun-74,6,74,121219_S_CCES_01_01_LysC_Try_1to10_Mixt_1_1.raw,
High,A,4,AYLATQGVEIR,2889,Unambiguous,Imidazole glycerol phosphate synthase subunit HisF OS=Escherichia coli (strain K12) GN=hisF PE=1 SV=1 - [HIS6_ECOLI],1,1,P60664,"",CID,1,0,1,1,2.71e+08,,,8.4e-05,13,13,13,54,9,0,25,0,17200000,2,610.83575,1220.66423,0,0.67,45.31,13599,13599,MS2,Sep-98,9,98,121219_S_CCES_01_01_LysC_Try_1to10_Mixt_1_1.raw,
High,A,4,NHEIIGDIVPLAK,4700,Unambiguous,Imidazole glycerol phosphate synthase subunit HisF OS=Escherichia coli (strain K12) GN=hisF PE=1 SV=1 - [HIS6_ECOLI],1,1,P60664,"",CID,1,0,1,1,1.4e+08,,,0.0066,13,13,13,35,10,0,64,1,3100000,3,473.6051,1418.80075,0,0.35,58.58,19004,19004,MS2,8/128,8,128,121219_S_CCES_01_01_LysC_Try_1to10_Mixt_1_1.raw,
High,A,4,NHEIIGDIVPLAK,4700,Unambiguous,Imidazole glycerol phosphate synthase subunit HisF OS=Escherichia coli (strain K12) GN=hisF PE=1 SV=1 - [HIS6_ECOLI],1,1,P60664,"",CID,1,0,1,1,2.13e+08,,,0.00045,13,13,13,46,10,0,50,3,2020000,2,709.90442,1418.80156,0,0.92,58.53,18981,18981,MS2,14/128,14,128,121219_S_CCES_01_01_LysC_Try_1to10_Mixt_1_1.raw,
High,A,4,YHVNQYTGDESR,5209,Unambiguous,Imidazole glycerol phosphate synthase subunit HisF OS=Escherichia coli (strain K12) GN=hisF PE=1 SV=1 - [HIS6_ECOLI],1,1,P60664,"",CID,1,0,1,1,5430000,,,0.038,13,13,13,27,3,0,29,12,579000,2,734.82568,1468.64409,0,-0.74,23.52,4707,4707,MS2,8/112,8,112,121219_S_CCES_01_01_LysC_Try_1to10_Mixt_1_1.raw,
High,A,4,ANSHAPEAVVEGASR,5423,Unambiguous,Protein TolQ OS=Escherichia coli (strain K12) GN=tolQ PE=1 SV=1 - [TOLQ_ECOLI],1,1,P0ABU9,"",CID,1,0,1,1,21400000,,,1.4e-06,13,13,13,72,4,0,5,6,899000,2,747.86865,1494.73003,0,0.27,26.05,5657,5657,MS2,11/160,11,160,121219_S_CCES_01_01_LysC_Try_1to10_Mixt_1_1.raw,
High,A,4,ISINSPALADPTLITR,7264,Unambiguous,Imidazole glycerol phosphate synthase subunit HisF OS=Escherichia coli (strain K12) GN=hisF PE=1 SV=1 - [HIS6_ECOLI],1,1,P60664,"",CID,1,0,1,1,4.83e+08,,,2.3e-06,13,13,13,69,6,0,35,1,1.2e+07,2,841.47858,1681.94988,0,0.88,70.14,23636,23636,MS2,9/170,9,170,121219_S_CCES_01_01_LysC_Try_1to10_Mixt_1_1.raw,
High,A,4,VAEVIDIPFcVAGGIK,7318,Unambiguous,Imidazole glycerol phosphate synthase subunit HisF OS=Escherichia coli (strain K12) GN=hisF PE=1 SV=1 - [HIS6_ECOLI],1,1,P60664,C10(Carbamidomethyl),CID,1,0,1,1,3.25e+08,,,0.026,13,13,13,29,22,0,28,2,3530000,2,844.45789,1687.90849,0,-0.21,87.41,30460,30460,MS2,9/126,9,126,121219_S_CCES_01_01_LysC_Try_1to10_Mixt_1_1.raw,
High,A,4,VTQWETLDWVQEVQK,9000,Unambiguous,Imidazole glycerol phosphate synthase subunit HisF OS=Escherichia coli (strain K12) GN=hisF PE=1 SV=1 - [HIS6_ECOLI],1,1,P60664,"",CID,1,0,1,1,2.75e+08,,,4.1e-09,13,13,13,97,15,0,19,2,2700000,2,944.97668,1888.94609,0,1.09,79.76,27444,27444,MS2,10/156,10,156,121219_S_CCES_01_01_LysC_Try_1to10_Mixt_1_1.raw,
High,A,4,EQVGDEHIGVIPEDcYYK,10878,Unambiguous,Uridine kinase OS=Escherichia coli (strain K12) GN=udk PE=3 SV=1 - [URK_ECOLI],1,1,P0A8F4,C15(Carbamidomethyl),CID,1,0,1,1,23900000,,,1e-04,13,13,13,53,6,0,0,19,579000,2,1075.98828,2150.96929,0,-0.33,53.96,17148,17148,MS2,9/194,9,194,121219_S_CCES_01_01_LysC_Try_1to10_Mixt_1_1.raw,
High,A,4,VNKLELNYDNFMEEFTAILHR,13339,Unambiguous,Protein TolQ OS=Escherichia coli (strain K12) GN=tolQ PE=1 SV=1 - [TOLQ_ECOLI],1,1,P0ABU9,"",CID,1,0,1,1,29700000,,,0.0026,13,13,13,39,16,1,29,4,466000,4,649.82874,2596.29311,0,2.53,104.75,37260,37260,MS2,9/220,9,220,121219_S_CCES_01_01_LysC_Try_1to10_Mixt_1_1.raw,
High,A,4,EVcHVPLIASGGAGTMEHFLEAFR,13435,Unambiguous,Imidazole glycerol phosphate synthase subunit HisF OS=Escherichia coli (strain K12) GN=hisF PE=1 SV=1 - [HIS6_ECOLI],1,1,P60664,C3(Carbamidomethyl),CID,1,0,1,1,2.52e+08,,,1.1e-07,13,13,13,83,14,0,24,1,1660000,3,876.76221,2628.27207,0,0.83,92.12,32309,32309,MS2,29/224,29,224,121219_S_CCES_01_01_LysC_Try_1to10_Mixt_1_1.raw,
High,A,4,EVcHVPLIASGGAGTMEHFLEAFR,13435,Unambiguous,Imidazole glycerol phosphate synthase subunit HisF OS=Escherichia coli (strain K12) GN=hisF PE=1 SV=1 - [HIS6_ECOLI],1,1,P60664,C3(Carbamidomethyl),CID,1,0,1,1,5.2e+08,,,0.0086,13,13,13,34,16,0,7,1,3110000,4,657.82385,2628.27358,0,1.41,92.07,32289,32289,MS2,17/224,17,224,121219_S_CCES_01_01_LysC_Try_1to10_Mixt_1_1.raw,
High,A,4,VREVcHVPLIASGGAGTMEHFLEAFR,14476,Unambiguous,Imidazole glycerol phosphate synthase subunit HisF OS=Escherichia coli (strain K12) GN=hisF PE=1 SV=1 - [HIS6_ECOLI],1,1,P60664,C5(Carbamidomethyl),CID,1,0,1,1,1.48e+08,,,0.088,13,13,13,24,16,1,24,2,809000,4,721.61597,2883.44204,0,0.91,83.97,29106,29106,MS2,18/288,18,288,121219_S_CCES_01_01_LysC_Try_1to10_Mixt_1_1.raw,
High,B,4,RIIPcLDVR,20590,Unambiguous,Imidazole glycerol phosphate synthase subunit HisF OS=Escherichia coli (strain K12) GN=hisF PE=1 SV=1 - [HIS6_ECOLI],1,1,P60664,C5(Carbamidomethyl),CID,1,0,1,1,3.43e+08,,,0.85,13,13,13,14,11,1,27,1,8500000,2,571.32928,1141.65129,0,0.18,45.22,13545,13545,MS2,Aug-80,8,80,121219_S_CCES_01_02_LysC_Try_1to10_Mixt_1_2.raw,
High,B,4,AYLATQGVEIR,2889,Unambiguous,Imidazole glycerol phosphate synthase subunit HisF OS=Escherichia coli (strain K12) GN=hisF PE=1 SV=1 - [HIS6_ECOLI],1,1,P60664,"",CID,1,0,1,1,2.53e+08,,,9.6e-05,13,13,13,53,10,0,41,0,13100000,2,610.8349,1220.66252,0,-0.73,45.78,13775,13775,MS2,Jul-98,7,98,121219_S_CCES_01_02_LysC_Try_1to10_Mixt_1_2.raw,
High,B,4,NHEIIGDIVPLAK,4700,Unambiguous,Imidazole glycerol phosphate synthase subunit HisF OS=Escherichia coli (strain K12) GN=hisF PE=1 SV=1 - [HIS6_ECOLI],1,1,P60664,"",CID,1,0,1,1,1.35e+08,,,0.024,13,13,13,29,10,0,27,1,4180000,3,473.60522,1418.80112,0,0.61,59.06,19167,19167,MS2,12/128,12,128,121219_S_CCES_01_02_LysC_Try_1to10_Mixt_1_2.raw,
High,B,4,YHVNQYTGDESR,5209,Unambiguous,Imidazole glycerol phosphate synthase subunit HisF OS=Escherichia coli (strain K12) GN=hisF PE=1 SV=1 - [HIS6_ECOLI],1,1,P60664,"",CID,1,0,1,1,2210000,,,0.14,13,13,13,21,3,0,21,35,183000,2,734.82568,1468.64409,0,-0.74,23.84,4886,4886,MS2,8/112,8,112,121219_S_CCES_01_02_LysC_Try_1to10_Mixt_1_2.raw,
High,B,4,ANSHAPEAVVEGASR,5423,Unambiguous,Protein TolQ OS=Escherichia coli (strain K12) GN=tolQ PE=1 SV=1 - [TOLQ_ECOLI],1,1,P0ABU9,"",CID,1,0,1,1,17500000,,,2e-06,13,13,13,70,6,0,15,8,643000,2,747.86719,1494.7271,0,-1.69,26.41,5820,5820,MS2,10/160,10,160,121219_S_CCES_01_02_LysC_Try_1to10_Mixt_1_2.raw,
High,B,4,ANSHAPEAVVEGASR,5423,Unambiguous,Protein TolQ OS=Escherichia coli (strain K12) GN=tolQ PE=1 SV=1 - [TOLQ_ECOLI],1,1,P0ABU9,"",CID,1,0,1,1,25400000,,,0.11,13,13,13,23,6,0,41,3,1e+06,3,498.91394,1494.72727,0,-1.57,26.41,5816,5816,MS2,8/160,8,160,121219_S_CCES_01_02_LysC_Try_1to10_Mixt_1_2.raw,
High,B,4,ANSHAPEAVVEGASR,5423,Unambiguous,Protein TolQ OS=Escherichia coli (strain K12) GN=tolQ PE=1 SV=1 - [TOLQ_ECOLI],1,1,P0ABU9,"",CID,1,0,1,1,17500000,,,0.0086,13,13,13,34,6,0,21,27,138000,2,747.86731,1494.72734,0,-1.52,26.53,5863,5863,MS2,9/160,9,160,121219_S_CCES_01_02_LysC_Try_1to10_Mixt_1_2.raw,
High,B,4,ISINSPALADPTLITR,7264,Unambiguous,Imidazole glycerol phosphate synthase subunit HisF OS=Escherichia coli (strain K12) GN=hisF PE=1 SV=1 - [HIS6_ECOLI],1,1,P60664,"",CID,1,0,1,1,4.85e+08,,,9e-07,13,13,13,73,6,0,46,1,6160000,2,841.47852,1681.94975,0,0.81,70.33,23678,23678,MS2,11/170,11,170,121219_S_CCES_01_02_LysC_Try_1to10_Mixt_1_2.raw,
High,B,4,TVRPMFLQFIEPSK,25910,Unambiguous,Uridine kinase OS=Escherichia coli (strain K12) GN=udk PE=3 SV=1 - [URK_ECOLI],1,1,P0A8F4,"",CID,1,0,1,1,29900000,,,0.25,13,13,13,19,15,0,48,5,671000,3,564.97656,1692.91513,0,0.52,76.38,26068,26068,MS2,11/150,11,150,121219_S_CCES_01_02_LysC_Try_1to10_Mixt_1_2.raw,
High,B,4,VTQWETLDWVQEVQK,9000,Unambiguous,Imidazole glycerol phosphate synthase subunit HisF OS=Escherichia coli (strain K12) GN=hisF PE=1 SV=1 - [HIS6_ECOLI],1,1,P60664,"",CID,1,0,1,1,2.86e+08,,,2.5e-09,13,13,13,99,17,0,8,1,3440000,2,944.97705,1888.94682,0,1.48,80.24,27584,27584,MS2,11/156,11,156,121219_S_CCES_01_02_LysC_Try_1to10_Mixt_1_2.raw,
High,B,4,EQVGDEHIGVIPEDcYYK,10878,Unambiguous,Uridine kinase OS=Escherichia coli (strain K12) GN=udk PE=3 SV=1 - [URK_ECOLI],1,1,P0A8F4,C15(Carbamidomethyl),CID,1,0,1,1,22700000,,,1.4e-07,13,13,13,82,7,0,0,6,1070000,2,1075.98975,2150.97222,0,1.04,54.37,17284,17284,MS2,9/194,9,194,121219_S_CCES_01_02_LysC_Try_1to10_Mixt_1_2.raw,
High,B,4,TNYDHPSAMDHSLLLEHLQALK,31721,Unambiguous,Uridine kinase OS=Escherichia coli (strain K12) GN=udk PE=3 SV=1 - [URK_ECOLI],1,1,P0A8F4,"",CID,1,0,1,1,1.18e+08,,,0.97,13,13,13,13,12,0,40,1,2850000,4,634.06799,2533.25014,0,-0.13,63.19,20833,20833,MS2,12/238,12,238,121219_S_CCES_01_02_LysC_Try_1to10_Mixt_1_2.raw,
High,B,4,VNKLELNYDNFMEEFTAILHR,13339,Unambiguous,Protein TolQ OS=Escherichia coli (strain K12) GN=tolQ PE=1 SV=1 - [TOLQ_ECOLI],1,1,P0ABU9,"",CID,1,0,1,1,27200000,,,0.00074,13,13,13,44,13,1,4,3,594000,4,649.82745,2596.28798,0,0.56,105.03,37313,37313,MS2,9/220,9,220,121219_S_CCES_01_02_LysC_Try_1to10_Mixt_1_2.raw,
High,B,4,VNKLELNYDNFMEEFTAILHR,13339,Unambiguous,Protein TolQ OS=Escherichia coli (strain K12) GN=tolQ PE=1 SV=1 - [TOLQ_ECOLI],1,1,P0ABU9,"",CID,1,0,1,1,27200000,,19,0.0051,13,13,13,36,15,1,31,5,484000,4,649.82794,2596.28994,0,1.31,104.97,37290,37290,MS2,20/220,20,220,121219_S_CCES_01_02_LysC_Try_1to10_Mixt_1_2.raw,
High,B,4,EVcHVPLIASGGAGTMEHFLEAFR,13435,Unambiguous,Imidazole glycerol phosphate synthase subunit HisF OS=Escherichia coli (strain K12) GN=hisF PE=1 SV=1 - [HIS6_ECOLI],1,1,P60664,C3(Carbamidomethyl),CID,1,0,1,1,5.2e+08,,14,0.045,13,13,13,27,16,0,10,2,793000,4,657.82385,2628.27358,0,1.41,92.33,32338,32338,MS2,13/224,13,224,121219_S_CCES_01_02_LysC_Try_1to10_Mixt_1_2.raw,
High,B,4,EVcHVPLIASGGAGTMEHFLEAFR,13435,Unambiguous,Imidazole glycerol phosphate synthase subunit HisF OS=Escherichia coli (strain K12) GN=hisF PE=1 SV=1 - [HIS6_ECOLI],1,1,P60664,C3(Carbamidomethyl),CID,1,0,1,1,2.72e+08,,,9.2e-07,13,13,13,73,17,0,29,2,1540000,3,876.76367,2628.27646,0,2.51,92.37,32354,32354,MS2,26/224,26,224,121219_S_CCES_01_02_LysC_Try_1to10_Mixt_1_2.raw,
High,B,4,VREVcHVPLIASGGAGTMEHFLEAFR,14476,Unambiguous,Imidazole glycerol phosphate synthase subunit HisF OS=Escherichia coli (strain K12) GN=hisF PE=1 SV=1 - [HIS6_ECOLI],1,1,P60664,C5(Carbamidomethyl),CID,1,0,1,1,1.4e+08,,,0.031,13,13,13,28,14,1,56,3,551000,4,721.61407,2883.43447,0,-1.72,85.16,29525,29525,MS2,16/288,16,288,121219_S_CCES_01_02_LysC_Try_1to10_Mixt_1_2.raw,
High,B,4,VREVcHVPLIASGGAGTMEHFLEAFR,14476,Unambiguous,Imidazole glycerol phosphate synthase subunit HisF OS=Escherichia coli (strain K12) GN=hisF PE=1 SV=1 - [HIS6_ECOLI],1,1,P60664,C5(Carbamidomethyl),CID,1,0,1,1,1.4e+08,,,0.0074,13,13,13,34,16,1,41,2,940000,4,721.61603,2883.44228,0,0.99,84.89,29418,29418,MS2,20/288,20,288,121219_S_CCES_01_02_LysC_Try_1to10_Mixt_1_2.raw,
High,B,4,LARPGSDVALDDQLYQEPQAAPVAVPMGK,33551,Unambiguous,Primosomal protein 1 OS=Escherichia coli (strain K12) GN=dnaT PE=1 SV=2 - [DNAT_ECOLI],1,1,P0A8J2,"",CID,1,0,1,1,44700000,,,0.00096,13,13,13,43,19,0,0,3,1180000,3,1012.85333,3036.54544,0,-0.2,68.11,22790,22790,MS2,25/298,25,298,121219_S_CCES_01_02_LysC_Try_1to10_Mixt_1_2.raw,
High,B,4,LARPGSDVALDDQLYQEPQAAPVAVPMGK,33551,Unambiguous,Primosomal protein 1 OS=Escherichia coli (strain K12) GN=dnaT PE=1 SV=2 - [DNAT_ECOLI],1,1,P0A8J2,"",CID,1,0,1,1,44700000,,,0.052,13,13,13,26,19,0,3,3,912000,3,1012.85504,3036.55057,0,1.49,68.16,22810,22810,MS2,21/298,21,298,121219_S_CCES_01_02_LysC_Try_1to10_Mixt_1_2.raw,
High,C,4,IAIDILK,37169,Unambiguous,Uridine kinase OS=Escherichia coli (strain K12) GN=udk PE=3 SV=1 - [URK_ECOLI],1,1,P0A8F4,"",CID,1,0,1,1,,,7,0.61,13,13,13,15,4,0,34,5,740000,2,393.25992,785.51256,0,-0.77,54.72,17769,17769,MS2,Mar-48,3,48,121219_S_CCES_01_03_LysC_Try_1to10_Mixt_1_3.raw,
High,C,4,AYLATQGVEIR,2889,Unambiguous,Imidazole glycerol phosphate synthase subunit HisF OS=Escherichia coli (strain K12) GN=hisF PE=1 SV=1 - [HIS6_ECOLI],1,1,P60664,"",CID,1,0,1,1,2.33e+08,,,0.00012,13,13,13,52,11,0,34,1,10600000,2,610.83466,1220.66203,0,-1.13,45.8,14118,14118,MS2,Sep-98,9,98,121219_S_CCES_01_03_LysC_Try_1to10_Mixt_1_3.raw,
High,C,4,NHEIIGDIVPLAK,4700,Unambiguous,Imidazole glycerol phosphate synthase subunit HisF OS=Escherichia coli (strain K12) GN=hisF PE=1 SV=1 - [HIS6_ECOLI],1,1,P60664,"",CID,1,0,1,1,1.24e+08,,,0.25,13,13,13,19,10,0,85,1,1800000,3,473.60449,1418.79892,0,-0.94,59.02,19491,19491,MS2,4/128,4,128,121219_S_CCES_01_03_LysC_Try_1to10_Mixt_1_3.raw,
High,C,4,NHEIIGDIVPLAK,4700,Unambiguous,Imidazole glycerol phosphate synthase subunit HisF OS=Escherichia coli (strain K12) GN=hisF PE=1 SV=1 - [HIS6_ECOLI],1,1,P60664,"",CID,1,0,1,1,1.97e+08,,,6.3e-06,13,13,13,65,10,0,53,2,2490000,2,709.90393,1418.80058,0,0.23,59.02,19494,19494,MS2,10/128,10,128,121219_S_CCES_01_03_LysC_Try_1to10_Mixt_1_3.raw,
High,C,4,YHVNQYTGDESR,5209,Unambiguous,Imidazole glycerol phosphate synthase subunit HisF OS=Escherichia coli (strain K12) GN=hisF PE=1 SV=1 - [HIS6_ECOLI],1,1,P60664,"",CID,1,0,1,1,4200000,,,0.045,13,13,13,27,3,0,0,21,347000,2,734.8255,1468.64372,0,-0.99,23.2,4945,4945,MS2,10/112,10,112,121219_S_CCES_01_03_LysC_Try_1to10_Mixt_1_3.raw,
High,C,4,YHVNQYTGDESR,5209,Unambiguous,Imidazole glycerol phosphate synthase subunit HisF OS=Escherichia coli (strain K12) GN=hisF PE=1 SV=1 - [HIS6_ECOLI],1,1,P60664,"",CID,1,0,1,1,4200000,,,0.00011,13,13,13,53,3,0,38,59,146000,2,734.82581,1468.64433,0,-0.57,23.16,4927,4927,MS2,9/112,9,112,121219_S_CCES_01_03_LysC_Try_1to10_Mixt_1_3.raw,
High,C,4,ISINSPALADPTLITR,7264,Unambiguous,Imidazole glycerol phosphate synthase subunit HisF OS=Escherichia coli (strain K12) GN=hisF PE=1 SV=1 - [HIS6_ECOLI],1,1,P60664,"",CID,1,0,1,1,4.84e+08,,,3.7e-06,13,13,13,67,8,0,39,2,4020000,2,841.47803,1681.94878,0,0.23,70.39,24051,24051,MS2,10/170,10,170,121219_S_CCES_01_03_LysC_Try_1to10_Mixt_1_3.raw,
High,C,4,VAEVIDIPFcVAGGIK,7318,Unambiguous,Imidazole glycerol phosphate synthase subunit HisF OS=Escherichia coli (strain K12) GN=hisF PE=1 SV=1 - [HIS6_ECOLI],1,1,P60664,C10(Carbamidomethyl),CID,1,0,1,1,2.86e+08,,,0.031,13,13,13,28,18,0,27,1,5600000,2,844.45691,1687.90654,0,-1.37,87.84,30913,30913,MS2,9/126,9,126,121219_S_CCES_01_03_LysC_Try_1to10_Mixt_1_3.raw,
High,C,4,VTQWETLDWVQEVQK,9000,Unambiguous,Imidazole glycerol phosphate synthase subunit HisF OS=Escherichia coli (strain K12) GN=hisF PE=1 SV=1 - [HIS6_ECOLI],1,1,P60664,"",CID,1,0,1,1,2.31e+08,,,4e-09,13,13,13,97,15,0,17,3,2010000,2,944.97583,1888.94438,0,0.19,80.16,27902,27902,MS2,10/156,10,156,121219_S_CCES_01_03_LysC_Try_1to10_Mixt_1_3.raw,
High,C,4,VTQWETLDWVQEVQK,9000,Unambiguous,Imidazole glycerol phosphate synthase subunit HisF OS=Escherichia coli (strain K12) GN=hisF PE=1 SV=1 - [HIS6_ECOLI],1,1,P60664,"",CID,1,0,1,1,52400000,,,0.0028,13,13,13,39,15,0,32,3,1110000,3,630.32007,1888.94565,0,0.86,80.27,27946,27946,MS2,16/156,16,156,121219_S_CCES_01_03_LysC_Try_1to10_Mixt_1_3.raw,
High,C,4,TNYDHPSAMDHSLLLEHLQALK,31721,Unambiguous,Uridine kinase OS=Escherichia coli (strain K12) GN=udk PE=3 SV=1 - [URK_ECOLI],1,1,P0A8F4,"",CID,1,0,1,1,3.4e+07,,,0.00093,13,13,13,43,13,0,37,3,660000,3,845.08905,2533.2526,0,0.84,63.04,21116,21116,MS2,13/238,13,238,121219_S_CCES_01_03_LysC_Try_1to10_Mixt_1_3.raw,
High,C,4,VNKLELNYDNFMEEFTAILHR,13339,Unambiguous,Protein TolQ OS=Escherichia coli (strain K12) GN=tolQ PE=1 SV=1 - [TOLQ_ECOLI],1,1,P0ABU9,"",CID,1,0,1,1,25200000,,,0.073,13,13,13,24,14,1,34,3,895000,4,649.8277,2596.28896,0,0.93,105.18,37702,37702,MS2,13/220,13,220,121219_S_CCES_01_03_LysC_Try_1to10_Mixt_1_3.raw,
High,C,4,EVcHVPLIASGGAGTMEHFLEAFR,13435,Unambiguous,Imidazole glycerol phosphate synthase subunit HisF OS=Escherichia coli (strain K12) GN=hisF PE=1 SV=1 - [HIS6_ECOLI],1,1,P60664,C3(Carbamidomethyl),CID,1,0,1,1,4.51e+08,,,0.0069,13,13,13,35,13,0,12,1,2480000,4,657.82312,2628.27065,0,0.29,92.5,32739,32739,MS2,18/224,18,224,121219_S_CCES_01_03_LysC_Try_1to10_Mixt_1_3.raw,
High,C,4,EVcHVPLIASGGAGTMEHFLEAFR,13435,Unambiguous,Imidazole glycerol phosphate synthase subunit HisF OS=Escherichia coli (strain K12) GN=hisF PE=1 SV=1 - [HIS6_ECOLI],1,1,P60664,C3(Carbamidomethyl),CID,1,0,1,1,2.1e+08,,,2.2e-08,13,13,13,90,14,0,13,1,4070000,3,876.76294,2628.27427,0,1.67,92.6,32782,32782,MS2,26/224,26,224,121219_S_CCES_01_03_LysC_Try_1to10_Mixt_1_3.raw,
High,C,4,VREVcHVPLIASGGAGTMEHFLEAFR,14476,Unambiguous,Imidazole glycerol phosphate synthase subunit HisF OS=Escherichia coli (strain K12) GN=hisF PE=1 SV=1 - [HIS6_ECOLI],1,1,P60664,C5(Carbamidomethyl),CID,1,0,1,1,1.8e+08,,,0.0028,13,13,13,39,17,1,32,1,1500000,4,721.61566,2883.44082,0,0.49,85.01,29803,29803,MS2,22/288,22,288,121219_S_CCES_01_03_LysC_Try_1to10_Mixt_1_3.raw,
High,C,4,VREVcHVPLIASGGAGTMEHFLEAFR,14476,Unambiguous,Imidazole glycerol phosphate synthase subunit HisF OS=Escherichia coli (strain K12) GN=hisF PE=1 SV=1 - [HIS6_ECOLI],1,1,P60664,C5(Carbamidomethyl),CID,1,0,1,1,1.8e+08,,,0.0083,13,13,13,34,16,1,44,2,501000,4,721.61572,2883.44106,0,0.57,84.95,29781,29781,MS2,20/288,20,288,121219_S_CCES_01_03_LysC_Try_1to10_Mixt_1_3.raw,
High,C,4,VREVcHVPLIASGGAGTMEHFLEAFR,14476,Unambiguous,Imidazole glycerol phosphate synthase subunit HisF OS=Escherichia coli (strain K12) GN=hisF PE=1 SV=1 - [HIS6_ECOLI],1,1,P60664,C5(Carbamidomethyl),CID,1,0,1,1,52200000,,,0.18,13,13,13,20,17,1,32,4,469000,5,577.49438,2883.44282,0,1.18,85.08,29835,29835,MS2,20/288,20,288,121219_S_CCES_01_03_LysC_Try_1to10_Mixt_1_3.raw,
High,D,4,IAIDILK,37169,Unambiguous,Uridine kinase OS=Escherichia coli (strain K12) GN=udk PE=3 SV=1 - [URK_ECOLI],1,1,P0A8F4,"",CID,1,0,1,1,9720000,,7,0.6,13,13,13,15,4,0,52,16,363000,2,393.25928,785.51128,0,-2.4,54.48,17109,17109,MS2,Aug-48,8,48,121219_S_CCES_01_04_LysC_Try_1to10_Mixt_2_1.raw,
High,D,4,ILSFGADK,56001,Unambiguous,Imidazole glycerol phosphate synthase subunit HisF OS=Escherichia coli (strain K12) GN=hisF PE=1 SV=1 - [HIS6_ECOLI],1,1,P60664,"",CID,1,0,1,1,1.04e+08,,14,0.32,13,13,13,18,16,0,55,2,2830000,2,425.73679,850.4663,0,-0.76,36.6,9785,9785,MS2,Jun-64,6,64,121219_S_CCES_01_04_LysC_Try_1to10_Mixt_2_1.raw,
High,D,4,RIIPcLDVR,20590,Unambiguous,Imidazole glycerol phosphate synthase subunit HisF OS=Escherichia coli (strain K12) GN=hisF PE=1 SV=1 - [HIS6_ECOLI],1,1,P60664,C5(Carbamidomethyl),CID,1,0,1,1,2.97e+08,,,0.073,13,13,13,24,8,1,18,1,10500000,2,571.32837,1141.64946,0,-1.42,44.89,13193,13193,MS2,May-80,5,80,121219_S_CCES_01_04_LysC_Try_1to10_Mixt_2_1.raw,
High,D,4,AYLATQGVEIR,2889,Unambiguous,Imidazole glycerol phosphate synthase subunit HisF OS=Escherichia coli (strain K12) GN=hisF PE=1 SV=1 - [HIS6_ECOLI],1,1,P60664,"",CID,1,0,1,1,2.39e+08,,,0.00036,13,13,13,47,11,0,52,1,4750000,2,610.83459,1220.66191,0,-1.23,45.56,13468,13468,MS2,Jul-98,7,98,121219_S_CCES_01_04_LysC_Try_1to10_Mixt_2_1.raw,
High,D,4,NHEIIGDIVPLAK,4700,Unambiguous,Imidazole glycerol phosphate synthase subunit HisF OS=Escherichia coli (strain K12) GN=hisF PE=1 SV=1 - [HIS6_ECOLI],1,1,P60664,"",CID,1,0,1,1,2.1e+08,,,3.4e-07,13,13,13,78,10,0,33,3,1500000,2,709.90302,1418.79875,0,-1.06,58.79,18844,18844,MS2,15/128,15,128,121219_S_CCES_01_04_LysC_Try_1to10_Mixt_2_1.raw,
High,D,4,NHEIIGDIVPLAK,4700,Unambiguous,Imidazole glycerol phosphate synthase subunit HisF OS=Escherichia coli (strain K12) GN=hisF PE=1 SV=1 - [HIS6_ECOLI],1,1,P60664,"",CID,1,0,1,1,1.19e+08,,,0.012,13,13,13,32,10,0,59,1,4220000,3,473.60458,1418.7992,0,-0.75,58.93,18896,18896,MS2,6/128,6,128,121219_S_CCES_01_04_LysC_Try_1to10_Mixt_2_1.raw,
High,D,4,YHVNQYTGDESR,5209,Unambiguous,Imidazole glycerol phosphate synthase subunit HisF OS=Escherichia coli (strain K12) GN=hisF PE=1 SV=1 - [HIS6_ECOLI],1,1,P60664,"",CID,1,0,1,1,2300000,,,0.013,13,13,13,32,3,0,53,33,222000,2,734.82556,1468.64385,0,-0.9,22.93,4292,4292,MS2,9/112,9,112,121219_S_CCES_01_04_LysC_Try_1to10_Mixt_2_1.raw,
High,D,4,ANSHAPEAVVEGASR,5423,Unambiguous,Protein TolQ OS=Escherichia coli (strain K12) GN=tolQ PE=1 SV=1 - [TOLQ_ECOLI],1,1,P0ABU9,"",CID,1,0,1,1,11600000,,,9.2e-06,13,13,13,63,6,0,0,26,316000,2,747.86633,1494.72539,0,-2.83,25.6,5270,5270,MS2,11/160,11,160,121219_S_CCES_01_04_LysC_Try_1to10_Mixt_2_1.raw,
High,D,4,ANSHAPEAVVEGASR,5423,Unambiguous,Protein TolQ OS=Escherichia coli (strain K12) GN=tolQ PE=1 SV=1 - [TOLQ_ECOLI],1,1,P0ABU9,"",CID,1,0,1,1,22600000,,,0.044,13,13,13,27,6,0,28,6,657000,3,498.91409,1494.72773,0,-1.27,25.53,5246,5246,MS2,11/160,11,160,121219_S_CCES_01_04_LysC_Try_1to10_Mixt_2_1.raw,
High,D,4,ISINSPALADPTLITR,7264,Unambiguous,Imidazole glycerol phosphate synthase subunit HisF OS=Escherichia coli (strain K12) GN=hisF PE=1 SV=1 - [HIS6_ECOLI],1,1,P60664,"",CID,1,0,1,1,4.2e+08,,,3e-06,13,13,13,68,7,0,39,1,6030000,2,841.47723,1681.94719,0,-0.71,70.13,23389,23389,MS2,12/170,12,170,121219_S_CCES_01_04_LysC_Try_1to10_Mixt_2_1.raw,
High,D,4,VTQWETLDWVQEVQK,9000,Unambiguous,Imidazole glycerol phosphate synthase subunit HisF OS=Escherichia coli (strain K12) GN=hisF PE=1 SV=1 - [HIS6_ECOLI],1,1,P60664,"",CID,1,0,1,1,2.35e+08,,,2.8e-07,13,13,13,79,15,0,33,5,1350000,2,944.97565,1888.94402,0,-0.01,79.91,27238,27238,MS2,10/156,10,156,121219_S_CCES_01_04_LysC_Try_1to10_Mixt_2_1.raw,
High,D,4,VTQWETLDWVQEVQK,9000,Unambiguous,Imidazole glycerol phosphate synthase subunit HisF OS=Escherichia coli (strain K12) GN=hisF PE=1 SV=1 - [HIS6_ECOLI],1,1,P60664,"",CID,1,0,1,1,57300000,,,0.0039,13,13,13,37,15,0,35,4,634000,3,630.31964,1888.94437,0,0.18,79.96,27259,27259,MS2,6/156,6,156,121219_S_CCES_01_04_LysC_Try_1to10_Mixt_2_1.raw,
High,D,4,EQVGDEHIGVIPEDcYYK,10878,Unambiguous,Uridine kinase OS=Escherichia coli (strain K12) GN=udk PE=3 SV=1 - [URK_ECOLI],1,1,P0A8F4,C15(Carbamidomethyl),CID,1,0,1,1,19400000,,,7e-06,13,13,13,65,6,0,0,10,416000,2,1075.98865,2150.97002,0,0.02,54.38,17068,17068,MS2,11/194,11,194,121219_S_CCES_01_04_LysC_Try_1to10_Mixt_2_1.raw,
High,D,4,VNKLELNYDNFMEEFTAILHR,13339,Unambiguous,Protein TolQ OS=Escherichia coli (strain K12) GN=tolQ PE=1 SV=1 - [TOLQ_ECOLI],1,1,P0ABU9,"",CID,1,0,1,1,16100000,,,0.0029,13,13,13,38,11,1,36,11,347000,4,649.8269,2596.28579,0,-0.29,104.9,37002,37002,MS2,13/220,13,220,121219_S_CCES_01_04_LysC_Try_1to10_Mixt_2_1.raw,
High,D,4,EVcHVPLIASGGAGTMEHFLEAFR,13435,Unambiguous,Imidazole glycerol phosphate synthase subunit HisF OS=Escherichia coli (strain K12) GN=hisF PE=1 SV=1 - [HIS6_ECOLI],1,1,P60664,C3(Carbamidomethyl),CID,1,0,1,1,3.93e+08,,,0.012,13,13,13,32,13,0,6,1,2140000,4,657.82312,2628.27065,0,0.29,92.27,32075,32075,MS2,20/224,20,224,121219_S_CCES_01_04_LysC_Try_1to10_Mixt_2_1.raw,
High,D,4,EVcHVPLIASGGAGTMEHFLEAFR,13435,Unambiguous,Imidazole glycerol phosphate synthase subunit HisF OS=Escherichia coli (strain K12) GN=hisF PE=1 SV=1 - [HIS6_ECOLI],1,1,P60664,C3(Carbamidomethyl),CID,1,0,1,1,1.5e+08,,,8.2e-07,13,13,13,74,16,0,19,1,1660000,3,876.76276,2628.27372,0,1.46,92.32,32096,32096,MS2,22/224,22,224,121219_S_CCES_01_04_LysC_Try_1to10_Mixt_2_1.raw,
High,D,4,VREVcHVPLIASGGAGTMEHFLEAFR,14476,Unambiguous,Imidazole glycerol phosphate synthase subunit HisF OS=Escherichia coli (strain K12) GN=hisF PE=1 SV=1 - [HIS6_ECOLI],1,1,P60664,C5(Carbamidomethyl),CID,1,0,1,1,98200000,,,0.0032,13,13,13,38,14,1,50,3,164000,4,721.61407,2883.43447,0,-1.72,84.72,29124,29124,MS2,22/288,22,288,121219_S_CCES_01_04_LysC_Try_1to10_Mixt_2_1.raw,
High,D,4,VREVcHVPLIASGGAGTMEHFLEAFR,14476,Unambiguous,Imidazole glycerol phosphate synthase subunit HisF OS=Escherichia coli (strain K12) GN=hisF PE=1 SV=1 - [HIS6_ECOLI],1,1,P60664,C5(Carbamidomethyl),CID,1,0,1,1,98200000,,,0.00042,13,13,13,47,12,1,32,4,647000,4,721.61481,2883.4374,0,-0.7,84.79,29153,29153,MS2,26/288,26,288,121219_S_CCES_01_04_LysC_Try_1to10_Mixt_2_1.raw,
High,E,4,SLIASTLYR,1327,Unambiguous,Uridine kinase OS=Escherichia coli (strain K12) GN=udk PE=3 SV=1 - [URK_ECOLI],1,1,P0A8F4,"",CID,1,0,1,1,37200000,,,0.065,13,13,13,25,7,0,43,3,1680000,2,512.29535,1023.58342,0,0.07,49.31,14679,14679,MS2,Aug-74,8,74,121219_S_CCES_01_05_LysC_Try_1to10_Mixt_2_2.raw,
High,E,4,RIIPcLDVR,20590,Unambiguous,Imidazole glycerol phosphate synthase subunit HisF OS=Escherichia coli (strain K12) GN=hisF PE=1 SV=1 - [HIS6_ECOLI],1,1,P60664,C5(Carbamidomethyl),CID,1,0,1,1,3.61e+08,,,0.095,13,13,13,23,11,1,14,1,11800000,2,571.32874,1141.65019,0,-0.78,45.23,12996,12996,MS2,Jul-80,7,80,121219_S_CCES_01_05_LysC_Try_1to10_Mixt_2_2.raw,
High,E,4,AYLATQGVEIR,2889,Unambiguous,Imidazole glycerol phosphate synthase subunit HisF OS=Escherichia coli (strain K12) GN=hisF PE=1 SV=1 - [HIS6_ECOLI],1,1,P60664,"",CID,1,0,1,1,2.6e+08,,,0.00017,13,13,13,51,10,0,44,1,7760000,2,610.83484,1220.6624,0,-0.83,45.89,13269,13269,MS2,Jul-98,7,98,121219_S_CCES_01_05_LysC_Try_1to10_Mixt_2_2.raw,
High,E,4,NHEIIGDIVPLAK,4700,Unambiguous,Imidazole glycerol phosphate synthase subunit HisF OS=Escherichia coli (strain K12) GN=hisF PE=1 SV=1 - [HIS6_ECOLI],1,1,P60664,"",CID,1,0,1,1,1.12e+08,,,0.2,13,13,13,20,10,0,76,1,3770000,3,473.60477,1418.79975,0,-0.36,59.24,18705,18705,MS2,4/128,4,128,121219_S_CCES_01_05_LysC_Try_1to10_Mixt_2_2.raw,
High,E,4,NHEIIGDIVPLAK,4700,Unambiguous,Imidazole glycerol phosphate synthase subunit HisF OS=Escherichia coli (strain K12) GN=hisF PE=1 SV=1 - [HIS6_ECOLI],1,1,P60664,"",CID,1,0,1,1,2.09e+08,,,2.9e-06,13,13,13,68,10,0,40,2,2520000,2,709.90387,1418.80046,0,0.14,59.14,18666,18666,MS2,15/128,15,128,121219_S_CCES_01_05_LysC_Try_1to10_Mixt_2_2.raw,
High,E,4,YHVNQYTGDESR,5209,Unambiguous,Imidazole glycerol phosphate synthase subunit HisF OS=Escherichia coli (strain K12) GN=hisF PE=1 SV=1 - [HIS6_ECOLI],1,1,P60664,"",CID,1,0,1,1,5430000,,,0.27,13,13,13,19,3,0,60,21,179000,3,490.21967,1468.64444,0,-0.5,24.48,4541,4541,MS2,11/112,11,112,121219_S_CCES_01_05_LysC_Try_1to10_Mixt_2_2.raw,
High,E,4,YHVNQYTGDESR,5209,Unambiguous,Imidazole glycerol phosphate synthase subunit HisF OS=Escherichia coli (strain K12) GN=hisF PE=1 SV=1 - [HIS6_ECOLI],1,1,P60664,"",CID,1,0,1,1,4090000,,,0.0018,13,13,13,40,3,0,26,20,307000,2,734.82617,1468.64507,0,-0.07,24.52,4558,4558,MS2,12/112,12,112,121219_S_CCES_01_05_LysC_Try_1to10_Mixt_2_2.raw,
High,E,4,ANSHAPEAVVEGASR,5423,Unambiguous,Protein TolQ OS=Escherichia coli (strain K12) GN=tolQ PE=1 SV=1 - [TOLQ_ECOLI],1,1,P0ABU9,"",CID,1,0,1,1,1.2e+07,,,9.5e-05,13,13,13,53,6,0,4,7,762000,2,747.86768,1494.72807,0,-1.03,26.85,5419,5419,MS2,10/160,10,160,121219_S_CCES_01_05_LysC_Try_1to10_Mixt_2_2.raw,
High,E,4,ANSHAPEAVVEGASR,5423,Unambiguous,Protein TolQ OS=Escherichia coli (strain K12) GN=tolQ PE=1 SV=1 - [TOLQ_ECOLI],1,1,P0ABU9,"",CID,1,0,1,1,29200000,,,0.0068,13,13,13,35,6,0,14,2,2140000,3,498.91446,1494.72882,0,-0.53,26.83,5410,5410,MS2,7/160,7,160,121219_S_CCES_01_05_LysC_Try_1to10_Mixt_2_2.raw,
High,E,4,DADVDGALAASVFHK,79370,Unambiguous,Imidazole glycerol phosphate synthase subunit HisF OS=Escherichia coli (strain K12) GN=hisF PE=1 SV=1 - [HIS6_ECOLI],1,1,P60664,"",CID,1,0,1,1,86200000,,,0.01,13,13,13,33,5,0,20,2,972000,3,505.91965,1515.74439,0,0.33,59.31,18733,18733,MS2,15/132,15,132,121219_S_CCES_01_05_LysC_Try_1to10_Mixt_2_2.raw,
High,E,4,ISINSPALADPTLITR,7264,Unambiguous,Imidazole glycerol phosphate synthase subunit HisF OS=Escherichia coli (strain K12) GN=hisF PE=1 SV=1 - [HIS6_ECOLI],1,1,P60664,"",CID,1,0,1,1,5.24e+08,,,4.6e-06,13,13,13,66,8,0,33,1,5870000,2,841.47827,1681.94927,0,0.52,70.43,23192,23192,MS2,9/170,9,170,121219_S_CCES_01_05_LysC_Try_1to10_Mixt_2_2.raw,
High,E,4,VTQWETLDWVQEVQK,9000,Unambiguous,Imidazole glycerol phosphate synthase subunit HisF OS=Escherichia coli (strain K12) GN=hisF PE=1 SV=1 - [HIS6_ECOLI],1,1,P60664,"",CID,1,0,1,1,2.71e+08,,,6.1e-07,13,13,13,75,15,0,11,3,2520000,2,944.97626,1888.94524,0,0.64,80.34,27107,27107,MS2,10/156,10,156,121219_S_CCES_01_05_LysC_Try_1to10_Mixt_2_2.raw,
High,E,4,VTQWETLDWVQEVQK,9000,Unambiguous,Imidazole glycerol phosphate synthase subunit HisF OS=Escherichia coli (strain K12) GN=hisF PE=1 SV=1 - [HIS6_ECOLI],1,1,P60664,"",CID,1,0,1,1,4.2e+07,,,0.0013,13,13,13,42,15,0,29,2,1060000,3,630.32031,1888.94638,0,1.25,80.41,27138,27138,MS2,12/156,12,156,121219_S_CCES_01_05_LysC_Try_1to10_Mixt_2_2.raw,
High,E,4,EVcHVPLIASGGAGTMEHFLEAFR,13435,Unambiguous,Imidazole glycerol phosphate synthase subunit HisF OS=Escherichia coli (strain K12) GN=hisF PE=1 SV=1 - [HIS6_ECOLI],1,1,P60664,C3(Carbamidomethyl),CID,1,0,1,1,4.85e+08,,,0.004,13,13,13,37,16,0,20,2,692000,4,657.82379,2628.27334,0,1.32,92.54,31912,31912,MS2,8/224,8,224,121219_S_CCES_01_05_LysC_Try_1to10_Mixt_2_2.raw,
High,E,4,EVcHVPLIASGGAGTMEHFLEAFR,13435,Unambiguous,Imidazole glycerol phosphate synthase subunit HisF OS=Escherichia coli (strain K12) GN=hisF PE=1 SV=1 - [HIS6_ECOLI],1,1,P60664,C3(Carbamidomethyl),CID,1,0,1,1,2.92e+08,,,2.6e-07,13,13,13,79,14,0,22,1,1590000,3,876.76331,2628.27536,0,2.09,92.59,31929,31929,MS2,24/224,24,224,121219_S_CCES_01_05_LysC_Try_1to10_Mixt_2_2.raw,
High,E,4,VREVcHVPLIASGGAGTMEHFLEAFR,14476,Unambiguous,Imidazole glycerol phosphate synthase subunit HisF OS=Escherichia coli (strain K12) GN=hisF PE=1 SV=1 - [HIS6_ECOLI],1,1,P60664,C5(Carbamidomethyl),CID,1,0,1,1,1.83e+08,,,0.0091,13,13,13,33,16,1,64,2,908000,4,721.6156,2883.44057,0,0.4,85.14,29006,29006,MS2,20/288,20,288,121219_S_CCES_01_05_LysC_Try_1to10_Mixt_2_2.raw,
High,E,4,VREVcHVPLIASGGAGTMEHFLEAFR,14476,Unambiguous,Imidazole glycerol phosphate synthase subunit HisF OS=Escherichia coli (strain K12) GN=hisF PE=1 SV=1 - [HIS6_ECOLI],1,1,P60664,C5(Carbamidomethyl),CID,1,0,1,1,1.83e+08,,,0.3,13,13,13,18,16,1,41,3,924000,4,721.61578,2883.4413,0,0.66,85.4,29106,29106,MS2,19/288,19,288,121219_S_CCES_01_05_LysC_Try_1to10_Mixt_2_2.raw,
High,F,4,QIINIGELK,93470,Unambiguous,Imidazole glycerol phosphate synthase subunit HisF OS=Escherichia coli (strain K12) GN=hisF PE=1 SV=1 - [HIS6_ECOLI],1,1,P60664,"",CID,1,0,1,1,,,,0.081,13,13,13,24,10,0,49,2,2030000,2,514.31073,1027.61418,0,-0.47,54.96,17288,17288,MS2,May-80,5,80,121219_S_CCES_01_06_LysC_Try_1to10_Mixt_2_3.raw,
High,F,4,AYLATQGVEIR,2889,Unambiguous,Imidazole glycerol phosphate synthase subunit HisF OS=Escherichia coli (strain K12) GN=hisF PE=1 SV=1 - [HIS6_ECOLI],1,1,P60664,"",CID,1,0,1,1,2.48e+08,,,1e-04,13,13,13,53,11,0,38,0,10500000,2,610.83472,1220.66216,0,-1.03,45.74,13514,13514,MS2,Jul-98,7,98,121219_S_CCES_01_06_LysC_Try_1to10_Mixt_2_3.raw,
High,F,4,NHEIIGDIVPLAK,4700,Unambiguous,Imidazole glycerol phosphate synthase subunit HisF OS=Escherichia coli (strain K12) GN=hisF PE=1 SV=1 - [HIS6_ECOLI],1,1,P60664,"",CID,1,0,1,1,1.36e+08,,,0.016,13,13,13,31,10,0,65,1,4240000,3,473.60446,1418.79883,0,-1.01,59.45,19094,19094,MS2,8/128,8,128,121219_S_CCES_01_06_LysC_Try_1to10_Mixt_2_3.raw,
High,F,4,NHEIIGDIVPLAK,4700,Unambiguous,Imidazole glycerol phosphate synthase subunit HisF OS=Escherichia coli (strain K12) GN=hisF PE=1 SV=1 - [HIS6_ECOLI],1,1,P60664,"",CID,1,0,1,1,2.27e+08,,,1.7e-06,13,13,13,71,10,0,48,1,6710000,2,709.90314,1418.799,0,-0.89,59.44,19092,19092,MS2,15/128,15,128,121219_S_CCES_01_06_LysC_Try_1to10_Mixt_2_3.raw,
High,F,4,ANSHAPEAVVEGASR,5423,Unambiguous,Protein TolQ OS=Escherichia coli (strain K12) GN=tolQ PE=1 SV=1 - [TOLQ_ECOLI],1,1,P0ABU9,"",CID,1,0,1,1,16200000,,,9.7e-05,13,13,13,53,6,0,11,11,568000,2,747.86755,1494.72783,0,-1.2,25.83,5304,5304,MS2,10/160,10,160,121219_S_CCES_01_06_LysC_Try_1to10_Mixt_2_3.raw,
High,F,4,ANSHAPEAVVEGASR,5423,Unambiguous,Protein TolQ OS=Escherichia coli (strain K12) GN=tolQ PE=1 SV=1 - [TOLQ_ECOLI],1,1,P0ABU9,"",CID,1,0,1,1,26600000,,,0.17,13,13,13,21,6,0,37,3,604000,3,498.9144,1494.72864,0,-0.66,25.87,5317,5317,MS2,4/160,4,160,121219_S_CCES_01_06_LysC_Try_1to10_Mixt_2_3.raw,
High,F,4,DADVDGALAASVFHK,79370,Unambiguous,Imidazole glycerol phosphate synthase subunit HisF OS=Escherichia coli (strain K12) GN=hisF PE=1 SV=1 - [HIS6_ECOLI],1,1,P60664,"",CID,1,0,1,1,9.2e+07,,,0.013,13,13,13,32,7,0,7,1,3820000,3,505.91919,1515.74302,0,-0.57,59.5,19115,19115,MS2,11/132,11,132,121219_S_CCES_01_06_LysC_Try_1to10_Mixt_2_3.raw,
High,F,4,ISINSPALADPTLITR,7264,Unambiguous,Imidazole glycerol phosphate synthase subunit HisF OS=Escherichia coli (strain K12) GN=hisF PE=1 SV=1 - [HIS6_ECOLI],1,1,P60664,"",CID,1,0,1,1,5.9e+08,,,8.1e-08,13,13,13,84,7,0,39,2,3720000,2,841.4776,1681.94792,0,-0.28,70.8,23647,23647,MS2,13/170,13,170,121219_S_CCES_01_06_LysC_Try_1to10_Mixt_2_3.raw,
High,F,4,VAEVIDIPFcVAGGIK,7318,Unambiguous,Imidazole glycerol phosphate synthase subunit HisF OS=Escherichia coli (strain K12) GN=hisF PE=1 SV=1 - [HIS6_ECOLI],1,1,P60664,C10(Carbamidomethyl),CID,1,0,1,1,4.01e+08,,,0.021,13,13,13,30,23,0,21,1,7200000,2,844.45782,1687.90837,0,-0.29,88.47,30614,30614,MS2,23/126,23,126,121219_S_CCES_01_06_LysC_Try_1to10_Mixt_2_3.raw,
High,F,4,RGAGEIVLNMMNQDGVR,100910,Unambiguous,Imidazole glycerol phosphate synthase subunit HisF OS=Escherichia coli (strain K12) GN=hisF PE=1 SV=1 - [HIS6_ECOLI],1,1,P60664,"",CID,1,0,1,1,24900000,,,0.32,13,13,13,18,15,1,79,2,852000,2,930.46472,1859.92217,0,0.31,62.94,20509,20509,MS2,9/178,9,178,121219_S_CCES_01_06_LysC_Try_1to10_Mixt_2_3.raw,
High,F,4,VTQWETLDWVQEVQK,9000,Unambiguous,Imidazole glycerol phosphate synthase subunit HisF OS=Escherichia coli (strain K12) GN=hisF PE=1 SV=1 - [HIS6_ECOLI],1,1,P60664,"",CID,1,0,1,1,5.1e+07,,,0.00089,13,13,13,44,15,0,27,3,1370000,3,630.31946,1888.94382,0,-0.11,80.69,27559,27559,MS2,10/156,10,156,121219_S_CCES_01_06_LysC_Try_1to10_Mixt_2_3.raw,
High,F,4,VTQWETLDWVQEVQK,9000,Unambiguous,Imidazole glycerol phosphate synthase subunit HisF OS=Escherichia coli (strain K12) GN=hisF PE=1 SV=1 - [HIS6_ECOLI],1,1,P60664,"",CID,1,0,1,1,2.28e+08,,,4.5e-09,13,13,13,97,15,0,10,2,2650000,2,944.97614,1888.94499,0,0.51,80.64,27536,27536,MS2,10/156,10,156,121219_S_CCES_01_06_LysC_Try_1to10_Mixt_2_3.raw,
High,F,4,VLTPDVVGIDALVHDHQTVLAK,104296,Unambiguous,Primosomal protein 1 OS=Escherichia coli (strain K12) GN=dnaT PE=1 SV=2 - [DNAT_ECOLI],1,1,P0A8J2,"",CID,1,0,1,1,23400000,,,0.18,13,13,13,20,11,0,27,4,1020000,4,585.82928,2340.29531,0,1.29,75.5,25509,25509,MS2,9/208,9,208,121219_S_CCES_01_06_LysC_Try_1to10_Mixt_2_3.raw,
High,F,4,TNYDHPSAMDHSLLLEHLQALK,31721,Unambiguous,Uridine kinase OS=Escherichia coli (strain K12) GN=udk PE=3 SV=1 - [URK_ECOLI],1,1,P0A8F4,"",CID,1,0,1,1,54400000,,,0.0054,13,13,13,36,11,0,30,3,970000,3,845.08759,2533.2482,0,-0.9,63.35,20673,20673,MS2,22/238,22,238,121219_S_CCES_01_06_LysC_Try_1to10_Mixt_2_3.raw,
High,F,4,EVcHVPLIASGGAGTMEHFLEAFR,13435,Unambiguous,Imidazole glycerol phosphate synthase subunit HisF OS=Escherichia coli (strain K12) GN=hisF PE=1 SV=1 - [HIS6_ECOLI],1,1,P60664,C3(Carbamidomethyl),CID,1,0,1,1,5.13e+08,,,0.0096,13,13,13,33,13,0,6,0,6500000,4,657.8233,2628.27138,0,0.57,93.23,32484,32484,MS2,17/224,17,224,121219_S_CCES_01_06_LysC_Try_1to10_Mixt_2_3.raw,
High,F,4,EVcHVPLIASGGAGTMEHFLEAFR,13435,Unambiguous,Imidazole glycerol phosphate synthase subunit HisF OS=Escherichia coli (strain K12) GN=hisF PE=1 SV=1 - [HIS6_ECOLI],1,1,P60664,C3(Carbamidomethyl),CID,1,0,1,1,2e+08,,,4.4e-05,13,13,13,57,17,0,34,1,1150000,3,876.76422,2628.27811,0,3.13,93.18,32463,32463,MS2,25/224,25,224,121219_S_CCES_01_06_LysC_Try_1to10_Mixt_2_3.raw,
High,F,4,VREVcHVPLIASGGAGTMEHFLEAFR,14476,Unambiguous,Imidazole glycerol phosphate synthase subunit HisF OS=Escherichia coli (strain K12) GN=hisF PE=1 SV=1 - [HIS6_ECOLI],1,1,P60664,C5(Carbamidomethyl),CID,1,0,1,1,1.85e+08,,,0.0093,13,13,13,33,13,1,37,2,1740000,4,721.61469,2883.43691,0,-0.87,85.71,29533,29533,MS2,25/288,25,288,121219_S_CCES_01_06_LysC_Try_1to10_Mixt_2_3.raw,
High,F,4,VREVcHVPLIASGGAGTMEHFLEAFR,14476,Unambiguous,Imidazole glycerol phosphate synthase subunit HisF OS=Escherichia coli (strain K12) GN=hisF PE=1 SV=1 - [HIS6_ECOLI],1,1,P60664,C5(Carbamidomethyl),CID,1,0,1,1,1.85e+08,,,0.012,13,13,13,32,12,1,48,2,678000,4,721.61481,2883.4374,0,-0.7,85.97,29633,29633,MS2,21/288,21,288,121219_S_CCES_01_06_LysC_Try_1to10_Mixt_2_3.raw,
High,F,4,VREVcHVPLIASGGAGTMEHFLEAFR,14476,Unambiguous,Imidazole glycerol phosphate synthase subunit HisF OS=Escherichia coli (strain K12) GN=hisF PE=1 SV=1 - [HIS6_ECOLI],1,1,P60664,C5(Carbamidomethyl),CID,1,0,1,1,50800000,,,0.095,13,13,13,23,13,1,13,3,665000,5,577.49335,2883.43763,0,-0.62,85.88,29598,29598,MS2,18/288,18,288,121219_S_CCES_01_06_LysC_Try_1to10_Mixt_2_3.raw,
High,F,4,LARPGSDVALDDQLYQEPQAAPVAVPMGK,33551,Unambiguous,Primosomal protein 1 OS=Escherichia coli (strain K12) GN=dnaT PE=1 SV=2 - [DNAT_ECOLI],1,1,P0A8J2,"",CID,1,0,1,1,50300000,,,0.091,13,13,13,23,21,0,11,3,1190000,3,1012.85187,3036.54105,0,-1.65,68.52,22736,22736,MS2,11/298,11,298,121219_S_CCES_01_06_LysC_Try_1to10_Mixt_2_3.raw,
High,G,4,ILSFGADK,56001,Unambiguous,Imidazole glycerol phosphate synthase subunit HisF OS=Escherichia coli (strain K12) GN=hisF PE=1 SV=1 - [HIS6_ECOLI],1,1,P60664,"",CID,1,0,1,1,1.08e+08,,14,0.3,13,13,13,18,16,0,53,1,4180000,2,425.73654,850.46581,0,-1.33,37.07,10423,10423,MS2,May-64,5,64,121219_S_CCES_01_07_LysC_Try_1to10_Mixt_3_1.raw,
High,G,4,AYLATQGVEIR,2889,Unambiguous,Imidazole glycerol phosphate synthase subunit HisF OS=Escherichia coli (strain K12) GN=hisF PE=1 SV=1 - [HIS6_ECOLI],1,1,P60664,"",CID,1,0,1,1,2.67e+08,,,1e-04,13,13,13,53,11,0,39,0,11800000,2,610.83459,1220.66191,0,-1.23,46.04,14103,14103,MS2,Jul-98,7,98,121219_S_CCES_01_07_LysC_Try_1to10_Mixt_3_1.raw,
High,G,4,NHEIIGDIVPLAK,4700,Unambiguous,Imidazole glycerol phosphate synthase subunit HisF OS=Escherichia coli (strain K12) GN=hisF PE=1 SV=1 - [HIS6_ECOLI],1,1,P60664,"",CID,1,0,1,1,1.23e+08,,,0.025,13,13,13,29,10,0,54,1,6510000,3,473.6048,1418.79984,0,-0.3,59.45,19570,19570,MS2,6/128,6,128,121219_S_CCES_01_07_LysC_Try_1to10_Mixt_3_1.raw,
High,G,4,NHEIIGDIVPLAK,4700,Unambiguous,Imidazole glycerol phosphate synthase subunit HisF OS=Escherichia coli (strain K12) GN=hisF PE=1 SV=1 - [HIS6_ECOLI],1,1,P60664,"",CID,1,0,1,1,2.04e+08,,,8.1e-06,13,13,13,64,10,0,57,3,1510000,2,709.90393,1418.80058,0,0.23,59.36,19535,19535,MS2,9/128,9,128,121219_S_CCES_01_07_LysC_Try_1to10_Mixt_3_1.raw,
High,G,4,YHVNQYTGDESR,5209,Unambiguous,Imidazole glycerol phosphate synthase subunit HisF OS=Escherichia coli (strain K12) GN=hisF PE=1 SV=1 - [HIS6_ECOLI],1,1,P60664,"",CID,1,0,1,1,2430000,,,0.017,13,13,13,31,3,0,52,27,221000,2,734.82666,1468.64604,0,0.59,23.36,4895,4895,MS2,13/112,13,112,121219_S_CCES_01_07_LysC_Try_1to10_Mixt_3_1.raw,
High,G,4,ANSHAPEAVVEGASR,5423,Unambiguous,Protein TolQ OS=Escherichia coli (strain K12) GN=tolQ PE=1 SV=1 - [TOLQ_ECOLI],1,1,P0ABU9,"",CID,1,0,1,1,16100000,,,0.0042,13,13,13,37,4,0,54,11,439000,2,747.86865,1494.73003,0,0.27,25.98,5879,5879,MS2,19/160,19,160,121219_S_CCES_01_07_LysC_Try_1to10_Mixt_3_1.raw,
High,G,4,ANSHAPEAVVEGASR,5423,Unambiguous,Protein TolQ OS=Escherichia coli (strain K12) GN=tolQ PE=1 SV=1 - [TOLQ_ECOLI],1,1,P0ABU9,"",CID,1,0,1,1,25600000,,,0.12,13,13,13,22,7,0,30,5,709000,3,498.91522,1494.73111,0,1,26.05,5902,5902,MS2,7/160,7,160,121219_S_CCES_01_07_LysC_Try_1to10_Mixt_3_1.raw,
High,G,4,ISINSPALADPTLITR,7264,Unambiguous,Imidazole glycerol phosphate synthase subunit HisF OS=Escherichia coli (strain K12) GN=hisF PE=1 SV=1 - [HIS6_ECOLI],1,1,P60664,"",CID,1,0,1,1,5.68e+08,,,2.8e-05,13,13,13,59,8,0,43,1,3570000,2,841.47784,1681.94841,0,0.01,70.82,24135,24135,MS2,11/170,11,170,121219_S_CCES_01_07_LysC_Try_1to10_Mixt_3_1.raw,
High,G,4,VAEVIDIPFcVAGGIK,7318,Unambiguous,Imidazole glycerol phosphate synthase subunit HisF OS=Escherichia coli (strain K12) GN=hisF PE=1 SV=1 - [HIS6_ECOLI],1,1,P60664,C10(Carbamidomethyl),CID,1,0,1,1,3.53e+08,,,0.33,13,13,13,18,18,0,52,3,1690000,2,844.45728,1687.90727,0,-0.94,88.24,31002,31002,MS2,7/126,7,126,121219_S_CCES_01_07_LysC_Try_1to10_Mixt_3_1.raw,
High,G,4,VTQWETLDWVQEVQK,9000,Unambiguous,Imidazole glycerol phosphate synthase subunit HisF OS=Escherichia coli (strain K12) GN=hisF PE=1 SV=1 - [HIS6_ECOLI],1,1,P60664,"",CID,1,0,1,1,2.41e+08,,,9.9e-08,13,13,13,83,15,0,26,1,3650000,2,944.97552,1888.94377,0,-0.14,80.37,27909,27909,MS2,10/156,10,156,121219_S_CCES_01_07_LysC_Try_1to10_Mixt_3_1.raw,
High,G,4,VNKLELNYDNFMEEFTAILHR,13339,Unambiguous,Protein TolQ OS=Escherichia coli (strain K12) GN=tolQ PE=1 SV=1 - [TOLQ_ECOLI],1,1,P0ABU9,"",CID,1,0,1,1,32800000,,,6.6e-05,13,13,13,55,14,1,22,5,313000,4,649.82758,2596.28847,0,0.74,105.52,37788,37788,MS2,20/220,20,220,121219_S_CCES_01_07_LysC_Try_1to10_Mixt_3_1.raw,
High,G,4,EVcHVPLIASGGAGTMEHFLEAFR,13435,Unambiguous,Imidazole glycerol phosphate synthase subunit HisF OS=Escherichia coli (strain K12) GN=hisF PE=1 SV=1 - [HIS6_ECOLI],1,1,P60664,C3(Carbamidomethyl),CID,1,0,1,1,5.32e+08,,,0.0022,13,13,13,40,13,0,5,0,6150000,4,657.82306,2628.27041,0,0.2,92.92,32842,32842,MS2,10/224,10,224,121219_S_CCES_01_07_LysC_Try_1to10_Mixt_3_1.raw,
High,G,4,EVcHVPLIASGGAGTMEHFLEAFR,13435,Unambiguous,Imidazole glycerol phosphate synthase subunit HisF OS=Escherichia coli (strain K12) GN=hisF PE=1 SV=1 - [HIS6_ECOLI],1,1,P60664,C3(Carbamidomethyl),CID,1,0,1,1,2.81e+08,,,1.5e-07,13,13,13,81,16,0,36,3,941000,3,876.76288,2628.27408,0,1.6,92.9,32835,32835,MS2,26/224,26,224,121219_S_CCES_01_07_LysC_Try_1to10_Mixt_3_1.raw,
High,G,4,VREVcHVPLIASGGAGTMEHFLEAFR,14476,Unambiguous,Imidazole glycerol phosphate synthase subunit HisF OS=Escherichia coli (strain K12) GN=hisF PE=1 SV=1 - [HIS6_ECOLI],1,1,P60664,C5(Carbamidomethyl),CID,1,0,1,1,2.22e+08,,,0.0012,13,13,13,42,17,1,34,1,1640000,4,721.61566,2883.44082,0,0.49,85.51,29928,29928,MS2,27/288,27,288,121219_S_CCES_01_07_LysC_Try_1to10_Mixt_3_1.raw,
High,H,4,IAIDILK,37169,Unambiguous,Uridine kinase OS=Escherichia coli (strain K12) GN=udk PE=3 SV=1 - [URK_ECOLI],1,1,P0A8F4,"",CID,1,0,1,1,7970000,,7,0.62,13,13,13,15,4,0,32,9,442000,2,393.2601,785.51293,0,-0.3,55.18,16887,16887,MS2,Mar-48,3,48,121219_S_CCES_01_08_LysC_Try_1to10_Mixt_3_2.raw,
High,H,4,AYLATQGVEIR,2889,Unambiguous,Imidazole glycerol phosphate synthase subunit HisF OS=Escherichia coli (strain K12) GN=hisF PE=1 SV=1 - [HIS6_ECOLI],1,1,P60664,"",CID,1,0,1,1,2.19e+08,,,1e-04,13,13,13,53,9,0,43,0,9880000,2,610.83551,1220.66374,0,0.27,46.16,13198,13198,MS2,Jul-98,7,98,121219_S_CCES_01_08_LysC_Try_1to10_Mixt_3_2.raw,
High,H,4,NHEIIGDIVPLAK,4700,Unambiguous,Imidazole glycerol phosphate synthase subunit HisF OS=Escherichia coli (strain K12) GN=hisF PE=1 SV=1 - [HIS6_ECOLI],1,1,P60664,"",CID,1,0,1,1,1.19e+08,,,0.074,13,13,13,24,10,0,54,1,4930000,3,473.60495,1418.8003,0,0.02,59.43,18595,18595,MS2,6/128,6,128,121219_S_CCES_01_08_LysC_Try_1to10_Mixt_3_2.raw,
High,H,4,ANSHAPEAVVEGASR,5423,Unambiguous,Protein TolQ OS=Escherichia coli (strain K12) GN=tolQ PE=1 SV=1 - [TOLQ_ECOLI],1,1,P0ABU9,"",CID,1,0,1,1,12300000,,,1.9e-05,13,13,13,60,4,0,0,12,476000,2,747.86841,1494.72954,0,-0.05,27.34,5471,5471,MS2,10/160,10,160,121219_S_CCES_01_08_LysC_Try_1to10_Mixt_3_2.raw,
High,H,4,ISINSPALADPTLITR,7264,Unambiguous,Imidazole glycerol phosphate synthase subunit HisF OS=Escherichia coli (strain K12) GN=hisF PE=1 SV=1 - [HIS6_ECOLI],1,1,P60664,"",CID,1,0,1,1,5.95e+08,,,3.3e-07,13,13,13,78,6,0,33,1,5610000,2,841.47845,1681.94963,0,0.74,70.63,23086,23086,MS2,11/170,11,170,121219_S_CCES_01_08_LysC_Try_1to10_Mixt_3_2.raw,
High,H,4,VAEVIDIPFcVAGGIK,7318,Unambiguous,Imidazole glycerol phosphate synthase subunit HisF OS=Escherichia coli (strain K12) GN=hisF PE=1 SV=1 - [HIS6_ECOLI],1,1,P60664,C10(Carbamidomethyl),CID,1,0,1,1,3.4e+08,,,0.0028,13,13,13,39,20,0,30,1,3890000,2,844.45825,1687.90923,0,0.22,88.16,29994,29994,MS2,8/126,8,126,121219_S_CCES_01_08_LysC_Try_1to10_Mixt_3_2.raw,
High,H,4,VTQWETLDWVQEVQK,9000,Unambiguous,Imidazole glycerol phosphate synthase subunit HisF OS=Escherichia coli (strain K12) GN=hisF PE=1 SV=1 - [HIS6_ECOLI],1,1,P60664,"",CID,1,0,1,1,2.67e+08,,,1.4e-08,13,13,13,91,15,0,11,3,1350000,2,944.9762,1888.94512,0,0.57,80.23,26874,26874,MS2,10/156,10,156,121219_S_CCES_01_08_LysC_Try_1to10_Mixt_3_2.raw,
High,H,4,TNYDHPSAMDHSLLLEHLQALK,31721,Unambiguous,Uridine kinase OS=Escherichia coli (strain K12) GN=udk PE=3 SV=1 - [URK_ECOLI],1,1,P0A8F4,"",CID,1,0,1,1,51800000,,,0.018,13,13,13,31,13,0,52,2,1520000,3,845.08911,2533.25278,0,0.91,63.29,20155,20155,MS2,10/238,10,238,121219_S_CCES_01_08_LysC_Try_1to10_Mixt_3_2.raw,
High,H,4,ELREQVGDEHIGVIPEDcYYK,141684,Unambiguous,Uridine kinase OS=Escherichia coli (strain K12) GN=udk PE=3 SV=1 - [URK_ECOLI],1,1,P0A8F4,C18(Carbamidomethyl),CID,1,0,1,1,25900000,,,0.01,13,13,13,33,9,1,7,2,2290000,3,850.40344,2549.19577,0,-0.79,54.6,16652,16652,MS2,18/228,18,228,121219_S_CCES_01_08_LysC_Try_1to10_Mixt_3_2.raw,
High,H,4,VNKLELNYDNFMEEFTAILHR,13339,Unambiguous,Protein TolQ OS=Escherichia coli (strain K12) GN=tolQ PE=1 SV=1 - [TOLQ_ECOLI],1,1,P0ABU9,"",CID,1,0,1,1,33400000,,,0.00098,13,13,13,43,18,1,20,4,825000,4,649.8288,2596.29336,0,2.62,105.32,36743,36743,MS2,17/220,17,220,121219_S_CCES_01_08_LysC_Try_1to10_Mixt_3_2.raw,
High,H,4,EVcHVPLIASGGAGTMEHFLEAFR,13435,Unambiguous,Imidazole glycerol phosphate synthase subunit HisF OS=Escherichia coli (strain K12) GN=hisF PE=1 SV=1 - [HIS6_ECOLI],1,1,P60664,C3(Carbamidomethyl),CID,1,0,1,1,5.4e+08,,,0.0069,13,13,13,35,14,0,13,2,1490000,4,657.8241,2628.27456,0,1.78,92.65,31762,31762,MS2,9/224,9,224,121219_S_CCES_01_08_LysC_Try_1to10_Mixt_3_2.raw,
High,H,4,EVcHVPLIASGGAGTMEHFLEAFR,13435,Unambiguous,Imidazole glycerol phosphate synthase subunit HisF OS=Escherichia coli (strain K12) GN=hisF PE=1 SV=1 - [HIS6_ECOLI],1,1,P60664,C3(Carbamidomethyl),CID,1,0,1,1,2.79e+08,,,1.2e-06,13,13,13,72,16,0,7,1,3640000,3,876.76428,2628.27829,0,3.2,92.74,31799,31799,MS2,29/224,29,224,121219_S_CCES_01_08_LysC_Try_1to10_Mixt_3_2.raw,
High,H,4,VREVcHVPLIASGGAGTMEHFLEAFR,14476,Unambiguous,Imidazole glycerol phosphate synthase subunit HisF OS=Escherichia coli (strain K12) GN=hisF PE=1 SV=1 - [HIS6_ECOLI],1,1,P60664,C5(Carbamidomethyl),CID,1,0,1,1,1.97e+08,,,0.00015,13,13,13,51,16,1,52,4,737000,4,721.61572,2883.44106,0,0.57,85.26,28855,28855,MS2,26/288,26,288,121219_S_CCES_01_08_LysC_Try_1to10_Mixt_3_2.raw,
High,H,4,VREVcHVPLIASGGAGTMEHFLEAFR,14476,Unambiguous,Imidazole glycerol phosphate synthase subunit HisF OS=Escherichia coli (strain K12) GN=hisF PE=1 SV=1 - [HIS6_ECOLI],1,1,P60664,C5(Carbamidomethyl),CID,1,0,1,1,1.97e+08,,,0.014,13,13,13,32,16,1,31,1,2080000,4,721.61609,2883.44253,0,1.08,85.38,28903,28903,MS2,17/288,17,288,121219_S_CCES_01_08_LysC_Try_1to10_Mixt_3_2.raw,
High,H,4,LARPGSDVALDDQLYQEPQAAPVAVPMGK,33551,Unambiguous,Primosomal protein 1 OS=Escherichia coli (strain K12) GN=dnaT PE=1 SV=2 - [DNAT_ECOLI],1,1,P0A8J2,"",CID,1,0,1,1,43100000,,,0.0064,13,13,13,35,19,0,4,5,784000,3,1012.85333,3036.54544,0,-0.2,68.29,22152,22152,MS2,13/298,13,298,121219_S_CCES_01_08_LysC_Try_1to10_Mixt_3_2.raw,
High,I,4,ILSFGADK,56001,Unambiguous,Imidazole glycerol phosphate synthase subunit HisF OS=Escherichia coli (strain K12) GN=hisF PE=1 SV=1 - [HIS6_ECOLI],1,1,P60664,"",CID,1,0,1,1,95500000,,,0.67,13,13,13,15,16,0,54,1,3400000,2,425.73703,850.46678,0,-0.19,36.9,10228,10228,MS2,May-64,5,64,121219_S_CCES_01_09_LysC_Try_1to10_Mixt_3_3.raw,
High,I,4,LDEGcTER,147995,Unambiguous,Fumarate reductase flavoprotein subunit OS=Escherichia coli (strain K12) GN=frdA PE=1 SV=3 - [FRDA_ECOLI],1,1,P00363,C5(Carbamidomethyl),CID,1,0,1,1,207000,,,0.015,13,13,13,31,2,0,42,100,10800,2,490.21225,979.41722,0,2.28,14.08,1987,1987,MS2,Jul-66,7,66,121219_S_CCES_01_09_LysC_Try_1to10_Mixt_3_3.raw,
High,I,4,AYLATQGVEIR,2889,Unambiguous,Imidazole glycerol phosphate synthase subunit HisF OS=Escherichia coli (strain K12) GN=hisF PE=1 SV=1 - [HIS6_ECOLI],1,1,P60664,"",CID,1,0,1,1,2.7e+08,,,2e-05,13,13,13,60,10,0,40,0,1.1e+07,2,610.83508,1220.66289,0,-0.43,45.79,13891,13891,MS2,Aug-98,8,98,121219_S_CCES_01_09_LysC_Try_1to10_Mixt_3_3.raw,
High,I,4,NHEIIGDIVPLAK,4700,Unambiguous,Imidazole glycerol phosphate synthase subunit HisF OS=Escherichia coli (strain K12) GN=hisF PE=1 SV=1 - [HIS6_ECOLI],1,1,P60664,"",CID,1,0,1,1,1.25e+08,,,0.095,13,13,13,23,10,0,74,1,2690000,3,473.60489,1418.80011,0,-0.1,59.23,19374,19374,MS2,6/128,6,128,121219_S_CCES_01_09_LysC_Try_1to10_Mixt_3_3.raw,
High,I,4,NHEIIGDIVPLAK,4700,Unambiguous,Imidazole glycerol phosphate synthase subunit HisF OS=Escherichia coli (strain K12) GN=hisF PE=1 SV=1 - [HIS6_ECOLI],1,1,P60664,"",CID,1,0,1,1,2.36e+08,,,1e-05,13,13,13,63,10,0,36,3,2230000,2,709.90405,1418.80083,0,0.4,59.14,19337,19337,MS2,14/128,14,128,121219_S_CCES_01_09_LysC_Try_1to10_Mixt_3_3.raw,
High,I,4,ANSHAPEAVVEGASR,5423,Unambiguous,Protein TolQ OS=Escherichia coli (strain K12) GN=tolQ PE=1 SV=1 - [TOLQ_ECOLI],1,1,P0ABU9,"",CID,1,0,1,1,17200000,,,6.3e-06,13,13,13,65,5,0,0,25,172000,2,747.86682,1494.72637,0,-2.18,25.96,5722,5722,MS2,11/160,11,160,121219_S_CCES_01_09_LysC_Try_1to10_Mixt_3_3.raw,
High,I,4,ANSHAPEAVVEGASR,5423,Unambiguous,Protein TolQ OS=Escherichia coli (strain K12) GN=tolQ PE=1 SV=1 - [TOLQ_ECOLI],1,1,P0ABU9,"",CID,1,0,1,1,17200000,,,3.5e-06,13,13,13,68,6,0,0,12,456000,2,747.86798,1494.72869,0,-0.63,25.99,5729,5729,MS2,11/160,11,160,121219_S_CCES_01_09_LysC_Try_1to10_Mixt_3_3.raw,
High,I,4,ANSHAPEAVVEGASR,5423,Unambiguous,Protein TolQ OS=Escherichia coli (strain K12) GN=tolQ PE=1 SV=1 - [TOLQ_ECOLI],1,1,P0ABU9,"",CID,1,0,1,1,33600000,,,0.098,13,13,13,23,4,0,11,3,855000,3,498.9147,1494.72956,0,-0.04,26.02,5741,5741,MS2,10/160,10,160,121219_S_CCES_01_09_LysC_Try_1to10_Mixt_3_3.raw,
High,I,4,ISINSPALADPTLITR,7264,Unambiguous,Imidazole glycerol phosphate synthase subunit HisF OS=Escherichia coli (strain K12) GN=hisF PE=1 SV=1 - [HIS6_ECOLI],1,1,P60664,"",CID,1,0,1,1,4.87e+08,,,6.6e-07,13,13,13,75,6,0,25,1,7420000,2,841.47876,1681.95024,0,1.1,70.7,23969,23969,MS2,13/170,13,170,121219_S_CCES_01_09_LysC_Try_1to10_Mixt_3_3.raw,
High,I,4,VTQWETLDWVQEVQK,9000,Unambiguous,Imidazole glycerol phosphate synthase subunit HisF OS=Escherichia coli (strain K12) GN=hisF PE=1 SV=1 - [HIS6_ECOLI],1,1,P60664,"",CID,1,0,1,1,2.93e+08,,,1.2e-07,13,13,13,82,15,0,16,1,3360000,2,944.9765,1888.94573,0,0.9,80.28,27751,27751,MS2,10/156,10,156,121219_S_CCES_01_09_LysC_Try_1to10_Mixt_3_3.raw,
High,I,4,EQVGDEHIGVIPEDcYYK,10878,Unambiguous,Uridine kinase OS=Escherichia coli (strain K12) GN=udk PE=3 SV=1 - [URK_ECOLI],1,1,P0A8F4,C15(Carbamidomethyl),CID,1,0,1,1,19500000,,,6.9e-07,13,13,13,75,5,0,8,6,1280000,2,1075.98792,2150.96855,0,-0.67,54.42,17441,17441,MS2,11/194,11,194,121219_S_CCES_01_09_LysC_Try_1to10_Mixt_3_3.raw,
High,I,4,VNKLELNYDNFMEEFTAILHR,13339,Unambiguous,Protein TolQ OS=Escherichia coli (strain K12) GN=tolQ PE=1 SV=1 - [TOLQ_ECOLI],1,1,P0ABU9,"",CID,1,0,1,1,4e+07,,,0.00088,13,13,13,44,15,1,16,4,589000,4,649.82794,2596.28994,0,1.31,105.3,37590,37590,MS2,19/220,19,220,121219_S_CCES_01_09_LysC_Try_1to10_Mixt_3_3.raw,
High,I,4,EVcHVPLIASGGAGTMEHFLEAFR,13435,Unambiguous,Imidazole glycerol phosphate synthase subunit HisF OS=Escherichia coli (strain K12) GN=hisF PE=1 SV=1 - [HIS6_ECOLI],1,1,P60664,C3(Carbamidomethyl),CID,1,0,1,1,5.4e+08,,14,0.021,13,13,13,30,15,0,4,1,1880000,4,657.82404,2628.27431,0,1.69,92.65,32618,32618,MS2,17/224,17,224,121219_S_CCES_01_09_LysC_Try_1to10_Mixt_3_3.raw,
High,I,4,EVcHVPLIASGGAGTMEHFLEAFR,13435,Unambiguous,Imidazole glycerol phosphate synthase subunit HisF OS=Escherichia coli (strain K12) GN=hisF PE=1 SV=1 - [HIS6_ECOLI],1,1,P60664,C3(Carbamidomethyl),CID,1,0,1,1,2.77e+08,,13,5.1e-06,13,13,13,66,14,0,23,2,1390000,3,876.763,2628.27445,0,1.74,92.66,32623,32623,MS2,15/224,15,224,121219_S_CCES_01_09_LysC_Try_1to10_Mixt_3_3.raw,
High,I,4,VREVcHVPLIASGGAGTMEHFLEAFR,14476,Unambiguous,Imidazole glycerol phosphate synthase subunit HisF OS=Escherichia coli (strain K12) GN=hisF PE=1 SV=1 - [HIS6_ECOLI],1,1,P60664,C5(Carbamidomethyl),CID,1,0,1,1,2.21e+08,,,0.00071,13,13,13,44,16,1,46,3,918000,4,721.61609,2883.44253,0,1.08,85.2,29690,29690,MS2,26/288,26,288,121219_S_CCES_01_09_LysC_Try_1to10_Mixt_3_3.raw,
High,I,4,VREVcHVPLIASGGAGTMEHFLEAFR,14476,Unambiguous,Imidazole glycerol phosphate synthase subunit HisF OS=Escherichia coli (strain K12) GN=hisF PE=1 SV=1 - [HIS6_ECOLI],1,1,P60664,C5(Carbamidomethyl),CID,1,0,1,1,2.21e+08,,,0.027,13,13,13,29,18,1,58,3,775000,4,721.61633,2883.4435,0,1.42,85.13,29665,29665,MS2,20/288,20,288,121219_S_CCES_01_09_LysC_Try_1to10_Mixt_3_3.raw,
High,J,4,NHEIIGDIVPLAK,4700,Unambiguous,Imidazole glycerol phosphate synthase subunit HisF OS=Escherichia coli (strain K12) GN=hisF PE=1 SV=1 - [HIS6_ECOLI],1,1,P60664,"",CID,1,0,1,1,1.25e+08,,,0.057,13,13,13,25,10,0,75,1,4140000,3,473.60544,1418.80176,0,1.06,59.75,19377,19377,MS2,6/128,6,128,121219_S_CCES_01_10_LysC_Try_1to10_Mixt_4_1.raw,
High,J,4,ANSHAPEAVVEGASR,5423,Unambiguous,Protein TolQ OS=Escherichia coli (strain K12) GN=tolQ PE=1 SV=1 - [TOLQ_ECOLI],1,1,P0ABU9,"",CID,1,0,1,1,15700000,,,0.00062,13,13,13,45,6,0,0,11,583000,2,747.86798,1494.72869,0,-0.63,26.5,5778,5778,MS2,10/160,10,160,121219_S_CCES_01_10_LysC_Try_1to10_Mixt_4_1.raw,
High,J,4,DADVDGALAASVFHK,79370,Unambiguous,Imidazole glycerol phosphate synthase subunit HisF OS=Escherichia coli (strain K12) GN=hisF PE=1 SV=1 - [HIS6_ECOLI],1,1,P60664,"",CID,1,0,1,1,1e+08,,,0.00087,13,13,13,44,5,0,16,2,1270000,3,505.91977,1515.74475,0,0.58,59.77,19388,19388,MS2,15/132,15,132,121219_S_CCES_01_10_LysC_Try_1to10_Mixt_4_1.raw,
High,J,4,ISINSPALADPTLITR,7264,Unambiguous,Imidazole glycerol phosphate synthase subunit HisF OS=Escherichia coli (strain K12) GN=hisF PE=1 SV=1 - [HIS6_ECOLI],1,1,P60664,"",CID,1,0,1,1,5.51e+08,,,3.9e-05,13,13,13,57,6,0,33,2,4790000,2,841.47852,1681.94975,0,0.81,70.85,23829,23829,MS2,13/170,13,170,121219_S_CCES_01_10_LysC_Try_1to10_Mixt_4_1.raw,
High,J,4,VTQWETLDWVQEVQK,9000,Unambiguous,Imidazole glycerol phosphate synthase subunit HisF OS=Escherichia coli (strain K12) GN=hisF PE=1 SV=1 - [HIS6_ECOLI],1,1,P60664,"",CID,1,0,1,1,66900000,,,0.0011,13,13,13,43,15,0,11,2,1620000,3,630.31976,1888.94474,0,0.37,80.94,27811,27811,MS2,10/156,10,156,121219_S_CCES_01_10_LysC_Try_1to10_Mixt_4_1.raw,
High,J,4,VTQWETLDWVQEVQK,9000,Unambiguous,Imidazole glycerol phosphate synthase subunit HisF OS=Escherichia coli (strain K12) GN=hisF PE=1 SV=1 - [HIS6_ECOLI],1,1,P60664,"",CID,1,0,1,1,2.84e+08,,,2.6e-07,13,13,13,79,15,0,13,2,2840000,2,944.97693,1888.94658,0,1.35,80.82,27763,27763,MS2,10/156,10,156,121219_S_CCES_01_10_LysC_Try_1to10_Mixt_4_1.raw,
High,J,4,TNYDHPSAMDHSLLLEHLQALK,31721,Unambiguous,Uridine kinase OS=Escherichia coli (strain K12) GN=udk PE=3 SV=1 - [URK_ECOLI],1,1,P0A8F4,"",CID,1,0,1,1,1.11e+08,,,0.012,13,13,13,32,13,0,53,1,2010000,4,634.06854,2533.25234,0,0.74,63.54,20908,20908,MS2,19/238,19,238,121219_S_CCES_01_10_LysC_Try_1to10_Mixt_4_1.raw,
High,J,4,ELREQVGDEHIGVIPEDcYYK,141684,Unambiguous,Uridine kinase OS=Escherichia coli (strain K12) GN=udk PE=3 SV=1 - [URK_ECOLI],1,1,P0A8F4,C18(Carbamidomethyl),CID,1,0,1,1,39400000,,,0.031,13,13,13,28,10,1,20,4,566000,3,850.40479,2549.1998,0,0.8,55.05,17489,17489,MS2,11/228,11,228,121219_S_CCES_01_10_LysC_Try_1to10_Mixt_4_1.raw,
High,J,4,VNKLELNYDNFMEEFTAILHR,13339,Unambiguous,Protein TolQ OS=Escherichia coli (strain K12) GN=tolQ PE=1 SV=1 - [TOLQ_ECOLI],1,1,P0ABU9,"",CID,1,0,1,1,41200000,,,0.0036,13,13,13,37,13,1,20,3,0,4,649.82733,2596.2875,0,0.37,105.74,37557,37557,MS2,21/220,21,220,121219_S_CCES_01_10_LysC_Try_1to10_Mixt_4_1.raw,
High,J,4,EVcHVPLIASGGAGTMEHFLEAFR,13435,Unambiguous,Imidazole glycerol phosphate synthase subunit HisF OS=Escherichia coli (strain K12) GN=hisF PE=1 SV=1 - [HIS6_ECOLI],1,1,P60664,C3(Carbamidomethyl),CID,1,0,1,1,2.92e+08,,,5.9e-08,13,13,13,85,16,0,11,1,3820000,3,876.76288,2628.27408,0,1.6,93.13,32605,32605,MS2,28/224,28,224,121219_S_CCES_01_10_LysC_Try_1to10_Mixt_4_1.raw,
High,J,4,EVcHVPLIASGGAGTMEHFLEAFR,13435,Unambiguous,Imidazole glycerol phosphate synthase subunit HisF OS=Escherichia coli (strain K12) GN=hisF PE=1 SV=1 - [HIS6_ECOLI],1,1,P60664,C3(Carbamidomethyl),CID,1,0,1,1,5.29e+08,,,0.029,13,13,13,28,14,0,11,1,3860000,4,657.8241,2628.27456,0,1.78,93.08,32584,32584,MS2,21/224,21,224,121219_S_CCES_01_10_LysC_Try_1to10_Mixt_4_1.raw,
High,J,4,VREVcHVPLIASGGAGTMEHFLEAFR,14476,Unambiguous,Imidazole glycerol phosphate synthase subunit HisF OS=Escherichia coli (strain K12) GN=hisF PE=1 SV=1 - [HIS6_ECOLI],1,1,P60664,C5(Carbamidomethyl),CID,1,0,1,1,54700000,,,0.18,13,13,13,20,16,1,77,3,953000,5,577.4939,2883.44038,0,0.33,85.9,29762,29762,MS2,14/288,14,288,121219_S_CCES_01_10_LysC_Try_1to10_Mixt_4_1.raw,
High,J,4,VREVcHVPLIASGGAGTMEHFLEAFR,14476,Unambiguous,Imidazole glycerol phosphate synthase subunit HisF OS=Escherichia coli (strain K12) GN=hisF PE=1 SV=1 - [HIS6_ECOLI],1,1,P60664,C5(Carbamidomethyl),CID,1,0,1,1,1.91e+08,,,0.002,13,13,13,40,18,1,42,2,1090000,4,721.61646,2883.44399,0,1.59,85.78,29716,29716,MS2,22/288,22,288,121219_S_CCES_01_10_LysC_Try_1to10_Mixt_4_1.raw,
High,K,4,LDEGcTER,147995,Unambiguous,Fumarate reductase flavoprotein subunit OS=Escherichia coli (strain K12) GN=frdA PE=1 SV=3 - [FRDA_ECOLI],1,1,P00363,C5(Carbamidomethyl),CID,1,0,1,1,263000,,,0.016,13,13,13,31,2,0,72,100,10900,2,490.21152,979.41576,0,0.79,14.56,1751,1751,MS2,Jul-66,7,66,121219_S_CCES_01_11_LysC_Try_1to10_Mixt_4_2.raw,
High,K,4,RIIPcLDVR,20590,Unambiguous,Imidazole glycerol phosphate synthase subunit HisF OS=Escherichia coli (strain K12) GN=hisF PE=1 SV=1 - [HIS6_ECOLI],1,1,P60664,C5(Carbamidomethyl),CID,1,0,1,1,3.48e+08,,,0.076,13,13,13,24,11,1,23,1,1e+07,2,571.32935,1141.65141,0,0.29,45.55,13261,13261,MS2,May-80,5,80,121219_S_CCES_01_11_LysC_Try_1to10_Mixt_4_2.raw,
High,K,4,AYLATQGVEIR,2889,Unambiguous,Imidazole glycerol phosphate synthase subunit HisF OS=Escherichia coli (strain K12) GN=hisF PE=1 SV=1 - [HIS6_ECOLI],1,1,P60664,"",CID,1,0,1,1,2.79e+08,,,5.5e-05,13,13,13,56,9,0,47,0,8570000,2,610.83545,1220.66362,0,0.17,46.2,13528,13528,MS2,Sep-98,9,98,121219_S_CCES_01_11_LysC_Try_1to10_Mixt_4_2.raw,
High,K,4,NHEIIGDIVPLAK,4700,Unambiguous,Imidazole glycerol phosphate synthase subunit HisF OS=Escherichia coli (strain K12) GN=hisF PE=1 SV=1 - [HIS6_ECOLI],1,1,P60664,"",CID,1,0,1,1,1.03e+08,,,0.081,13,13,13,24,10,0,61,1,4100000,3,473.60495,1418.8003,0,0.02,59.71,19018,19018,MS2,6/128,6,128,121219_S_CCES_01_11_LysC_Try_1to10_Mixt_4_2.raw,
High,K,4,NHEIIGDIVPLAK,4700,Unambiguous,Imidazole glycerol phosphate synthase subunit HisF OS=Escherichia coli (strain K12) GN=hisF PE=1 SV=1 - [HIS6_ECOLI],1,1,P60664,"",CID,1,0,1,1,1.82e+08,,,1.7e-06,13,13,13,71,10,0,52,5,1370000,2,709.90436,1418.80144,0,0.83,59.45,18911,18911,MS2,15/128,15,128,121219_S_CCES_01_11_LysC_Try_1to10_Mixt_4_2.raw,
High,K,4,ANSHAPEAVVEGASR,5423,Unambiguous,Protein TolQ OS=Escherichia coli (strain K12) GN=tolQ PE=1 SV=1 - [TOLQ_ECOLI],1,1,P0ABU9,"",CID,1,0,1,1,14300000,,,1.9e-06,13,13,13,70,6,0,0,10,378000,2,747.86731,1494.72734,0,-1.52,26.58,5478,5478,MS2,11/160,11,160,121219_S_CCES_01_11_LysC_Try_1to10_Mixt_4_2.raw,
High,K,4,ANSHAPEAVVEGASR,5423,Unambiguous,Protein TolQ OS=Escherichia coli (strain K12) GN=tolQ PE=1 SV=1 - [TOLQ_ECOLI],1,1,P0ABU9,"",CID,1,0,1,1,3.9e+07,,,0.029,13,13,13,28,6,0,34,3,1110000,3,498.91415,1494.72791,0,-1.15,26.57,5473,5473,MS2,9/160,9,160,121219_S_CCES_01_11_LysC_Try_1to10_Mixt_4_2.raw,
High,K,4,ISINSPALADPTLITR,7264,Unambiguous,Imidazole glycerol phosphate synthase subunit HisF OS=Escherichia coli (strain K12) GN=hisF PE=1 SV=1 - [HIS6_ECOLI],1,1,P60664,"",CID,1,0,1,1,5.17e+08,,,2.9e-06,13,13,13,68,6,0,20,1,1.1e+07,2,841.47833,1681.94939,0,0.59,70.84,23481,23481,MS2,10/170,10,170,121219_S_CCES_01_11_LysC_Try_1to10_Mixt_4_2.raw,
High,K,4,VTQWETLDWVQEVQK,9000,Unambiguous,Imidazole glycerol phosphate synthase subunit HisF OS=Escherichia coli (strain K12) GN=hisF PE=1 SV=1 - [HIS6_ECOLI],1,1,P60664,"",CID,1,0,1,1,2.97e+08,,,6.4e-06,13,13,13,65,17,0,12,4,1030000,2,944.97711,1888.94695,0,1.54,80.65,27361,27361,MS2,12/156,12,156,121219_S_CCES_01_11_LysC_Try_1to10_Mixt_4_2.raw,
High,K,4,VTQWETLDWVQEVQK,9000,Unambiguous,Imidazole glycerol phosphate synthase subunit HisF OS=Escherichia coli (strain K12) GN=hisF PE=1 SV=1 - [HIS6_ECOLI],1,1,P60664,"",CID,1,0,1,1,57400000,,,0.00086,13,13,13,44,17,0,19,2,1320000,3,630.32056,1888.94712,0,1.63,80.76,27401,27401,MS2,12/156,12,156,121219_S_CCES_01_11_LysC_Try_1to10_Mixt_4_2.raw,
High,K,4,EQVGDEHIGVIPEDcYYK,10878,Unambiguous,Uridine kinase OS=Escherichia coli (strain K12) GN=udk PE=3 SV=1 - [URK_ECOLI],1,1,P0A8F4,C15(Carbamidomethyl),CID,1,0,1,1,26700000,,,7.8e-06,13,13,13,64,7,0,21,7,816000,2,1075.98877,2150.97026,0,0.13,54.88,17081,17081,MS2,11/194,11,194,121219_S_CCES_01_11_LysC_Try_1to10_Mixt_4_2.raw,
High,K,4,VNKLELNYDNFMEEFTAILHR,13339,Unambiguous,Protein TolQ OS=Escherichia coli (strain K12) GN=tolQ PE=1 SV=1 - [TOLQ_ECOLI],1,1,P0ABU9,"",CID,1,0,1,1,38700000,,,0.015,13,13,13,31,19,1,7,3,683000,4,649.82904,2596.29433,0,3,105.47,37129,37129,MS2,24/220,24,220,121219_S_CCES_01_11_LysC_Try_1to10_Mixt_4_2.raw,
High,K,4,EVcHVPLIASGGAGTMEHFLEAFR,13435,Unambiguous,Imidazole glycerol phosphate synthase subunit HisF OS=Escherichia coli (strain K12) GN=hisF PE=1 SV=1 - [HIS6_ECOLI],1,1,P60664,C3(Carbamidomethyl),CID,1,0,1,1,5.28e+08,,,0.00043,13,13,13,47,17,0,21,2,709000,4,657.82483,2628.27749,0,2.9,92.71,32109,32109,MS2,16/224,16,224,121219_S_CCES_01_11_LysC_Try_1to10_Mixt_4_2.raw,
High,K,4,VREVcHVPLIASGGAGTMEHFLEAFR,14476,Unambiguous,Imidazole glycerol phosphate synthase subunit HisF OS=Escherichia coli (strain K12) GN=hisF PE=1 SV=1 - [HIS6_ECOLI],1,1,P60664,C5(Carbamidomethyl),CID,1,0,1,1,2e+08,,,0.0029,13,13,13,38,19,1,55,3,619000,4,721.61707,2883.44643,0,2.43,85.29,29190,29190,MS2,21/288,21,288,121219_S_CCES_01_11_LysC_Try_1to10_Mixt_4_2.raw,
High,L,4,QIINIGELK,93470,Unambiguous,Imidazole glycerol phosphate synthase subunit HisF OS=Escherichia coli (strain K12) GN=hisF PE=1 SV=1 - [HIS6_ECOLI],1,1,P60664,"",CID,1,0,1,1,,,13,0.043,13,13,13,27,11,0,76,4,622000,2,514.31158,1027.61589,0,1.19,55.99,17565,17565,MS2,May-80,5,80,121219_S_CCES_01_12_LysC_Try_1to10_Mixt_4_3.raw,
High,L,4,RIIPcLDVR,20590,Unambiguous,Imidazole glycerol phosphate synthase subunit HisF OS=Escherichia coli (strain K12) GN=hisF PE=1 SV=1 - [HIS6_ECOLI],1,1,P60664,C5(Carbamidomethyl),CID,1,0,1,1,15600000,,,0.017,13,13,13,31,11,1,10,4,755000,3,381.22266,1141.65342,0,2.04,46.71,13775,13775,MS2,Jun-80,6,80,121219_S_CCES_01_12_LysC_Try_1to10_Mixt_4_3.raw,
High,L,4,NHEIIGDIVPLAK,4700,Unambiguous,Imidazole glycerol phosphate synthase subunit HisF OS=Escherichia coli (strain K12) GN=hisF PE=1 SV=1 - [HIS6_ECOLI],1,1,P60664,"",CID,1,0,1,1,1.68e+08,,,3.7e-05,13,13,13,57,10,0,64,2,2960000,2,709.9043,1418.80132,0,0.74,60.39,19326,19326,MS2,14/128,14,128,121219_S_CCES_01_12_LysC_Try_1to10_Mixt_4_3.raw,
High,L,4,YHVNQYTGDESR,5209,Unambiguous,Imidazole glycerol phosphate synthase subunit HisF OS=Escherichia coli (strain K12) GN=hisF PE=1 SV=1 - [HIS6_ECOLI],1,1,P60664,"",CID,1,0,1,1,4430000,,,0.052,13,13,13,26,3,0,34,24,286000,2,734.82526,1468.64324,0,-1.32,24.48,4791,4791,MS2,8/112,8,112,121219_S_CCES_01_12_LysC_Try_1to10_Mixt_4_3.raw,
High,L,4,YHVNQYTGDESR,5209,Unambiguous,Imidazole glycerol phosphate synthase subunit HisF OS=Escherichia coli (strain K12) GN=hisF PE=1 SV=1 - [HIS6_ECOLI],1,1,P60664,"",CID,1,0,1,1,4430000,,,0.0046,13,13,13,36,3,0,26,35,143000,2,734.82635,1468.64543,0,0.18,24.46,4781,4781,MS2,9/112,9,112,121219_S_CCES_01_12_LysC_Try_1to10_Mixt_4_3.raw,
High,L,4,ANSHAPEAVVEGASR,5423,Unambiguous,Protein TolQ OS=Escherichia coli (strain K12) GN=tolQ PE=1 SV=1 - [TOLQ_ECOLI],1,1,P0ABU9,"",CID,1,0,1,1,27400000,,,0.098,13,13,13,23,6,0,52,3,611000,3,498.91412,1494.72782,0,-1.21,27.2,5794,5794,MS2,9/160,9,160,121219_S_CCES_01_12_LysC_Try_1to10_Mixt_4_3.raw,
High,L,4,ANSHAPEAVVEGASR,5423,Unambiguous,Protein TolQ OS=Escherichia coli (strain K12) GN=tolQ PE=1 SV=1 - [TOLQ_ECOLI],1,1,P0ABU9,"",CID,1,0,1,1,15300000,,,4.6e-06,13,13,13,66,4,0,0,6,1030000,2,747.86871,1494.73015,0,0.35,27.1,5753,5753,MS2,10/160,10,160,121219_S_CCES_01_12_LysC_Try_1to10_Mixt_4_3.raw,
High,L,4,DADVDGALAASVFHK,79370,Unambiguous,Imidazole glycerol phosphate synthase subunit HisF OS=Escherichia coli (strain K12) GN=hisF PE=1 SV=1 - [HIS6_ECOLI],1,1,P60664,"",CID,1,0,1,1,94800000,,,0.017,13,13,13,31,6,0,11,3,847000,3,505.92007,1515.74567,0,1.18,60.46,19357,19357,MS2,10/132,10,132,121219_S_CCES_01_12_LysC_Try_1to10_Mixt_4_3.raw,
High,L,4,ISINSPALADPTLITR,7264,Unambiguous,Imidazole glycerol phosphate synthase subunit HisF OS=Escherichia coli (strain K12) GN=hisF PE=1 SV=1 - [HIS6_ECOLI],1,1,P60664,"",CID,1,0,1,1,4.73e+08,,,1.3e-07,13,13,13,82,6,0,24,1,1.1e+07,2,841.4787,1681.95012,0,1.03,71.37,23727,23727,MS2,10/170,10,170,121219_S_CCES_01_12_LysC_Try_1to10_Mixt_4_3.raw,
High,L,4,VAEVIDIPFcVAGGIK,7318,Unambiguous,Imidazole glycerol phosphate synthase subunit HisF OS=Escherichia coli (strain K12) GN=hisF PE=1 SV=1 - [HIS6_ECOLI],1,1,P60664,C10(Carbamidomethyl),CID,1,0,1,1,28300000,,,0.00038,13,13,13,47,20,0,17,4,1290000,3,563.3089,1687.91214,0,1.95,89.07,30692,30692,MS2,14/126,14,126,121219_S_CCES_01_12_LysC_Try_1to10_Mixt_4_3.raw,
High,L,4,VTQWETLDWVQEVQK,9000,Unambiguous,Imidazole glycerol phosphate synthase subunit HisF OS=Escherichia coli (strain K12) GN=hisF PE=1 SV=1 - [HIS6_ECOLI],1,1,P60664,"",CID,1,0,1,1,1.93e+08,,,1.5e-05,13,13,13,61,17,0,35,4,1080000,2,944.9776,1888.94792,0,2.06,81.42,27686,27686,MS2,10/156,10,156,121219_S_CCES_01_12_LysC_Try_1to10_Mixt_4_3.raw,
High,L,4,VTQWETLDWVQEVQK,9000,Unambiguous,Imidazole glycerol phosphate synthase subunit HisF OS=Escherichia coli (strain K12) GN=hisF PE=1 SV=1 - [HIS6_ECOLI],1,1,P60664,"",CID,1,0,1,1,1.93e+08,,,6.9e-07,13,13,13,75,17,0,2,1,7570000,2,944.97778,1888.94829,0,2.25,81.57,27743,27743,MS2,11/156,11,156,121219_S_CCES_01_12_LysC_Try_1to10_Mixt_4_3.raw,
High,L,4,VTQWETLDWVQEVQK,9000,Unambiguous,Imidazole glycerol phosphate synthase subunit HisF OS=Escherichia coli (strain K12) GN=hisF PE=1 SV=1 - [HIS6_ECOLI],1,1,P60664,"",CID,1,0,1,1,34900000,,,0.012,13,13,13,32,17,0,11,2,2200000,3,630.32111,1888.94876,0,2.51,81.59,27755,27755,MS2,7/156,7,156,121219_S_CCES_01_12_LysC_Try_1to10_Mixt_4_3.raw,
High,L,4,EQVGDEHIGVIPEDcYYK,10878,Unambiguous,Uridine kinase OS=Escherichia coli (strain K12) GN=udk PE=3 SV=1 - [URK_ECOLI],1,1,P0A8F4,C15(Carbamidomethyl),CID,1,0,1,1,21200000,,,9.3e-05,13,13,13,53,7,0,0,9,858000,2,1075.99023,2150.97319,0,1.49,55.6,17402,17402,MS2,12/194,12,194,121219_S_CCES_01_12_LysC_Try_1to10_Mixt_4_3.raw,
High,L,4,ELREQVGDEHIGVIPEDcYYK,141684,Unambiguous,Uridine kinase OS=Escherichia coli (strain K12) GN=udk PE=3 SV=1 - [URK_ECOLI],1,1,P0A8F4,C18(Carbamidomethyl),CID,1,0,1,1,23900000,,,0.25,13,13,13,19,11,1,22,3,912000,3,850.40546,2549.20182,0,1.59,55.69,17439,17439,MS2,10/228,10,228,121219_S_CCES_01_12_LysC_Try_1to10_Mixt_4_3.raw,
High,L,4,EVcHVPLIASGGAGTMEHFLEAFR,13435,Unambiguous,Imidazole glycerol phosphate synthase subunit HisF OS=Escherichia coli (strain K12) GN=hisF PE=1 SV=1 - [HIS6_ECOLI],1,1,P60664,C3(Carbamidomethyl),CID,1,0,1,1,5.02e+08,,,0.023,13,13,13,29,15,0,9,0,3930000,4,657.82446,2628.27602,0,2.34,93.68,32505,32505,MS2,21/224,21,224,121219_S_CCES_01_12_LysC_Try_1to10_Mixt_4_3.raw,
High,L,4,EVcHVPLIASGGAGTMEHFLEAFR,13435,Unambiguous,Imidazole glycerol phosphate synthase subunit HisF OS=Escherichia coli (strain K12) GN=hisF PE=1 SV=1 - [HIS6_ECOLI],1,1,P60664,C3(Carbamidomethyl),CID,1,0,1,1,2.4e+08,,,1.1e-07,13,13,13,83,18,0,32,1,1450000,3,876.76489,2628.28012,0,3.9,93.64,32488,32488,MS2,25/224,25,224,121219_S_CCES_01_12_LysC_Try_1to10_Mixt_4_3.raw,
High,L,4,VREVcHVPLIASGGAGTMEHFLEAFR,14476,Unambiguous,Imidazole glycerol phosphate synthase subunit HisF OS=Escherichia coli (strain K12) GN=hisF PE=1 SV=1 - [HIS6_ECOLI],1,1,P60664,C5(Carbamidomethyl),CID,1,0,1,1,56900000,,,0.83,13,13,13,14,16,1,26,3,301000,5,577.4939,2883.44038,0,0.33,86.83,29813,29813,MS2,10/288,10,288,121219_S_CCES_01_12_LysC_Try_1to10_Mixt_4_3.raw,
High,L,4,VREVcHVPLIASGGAGTMEHFLEAFR,14476,Unambiguous,Imidazole glycerol phosphate synthase subunit HisF OS=Escherichia coli (strain K12) GN=hisF PE=1 SV=1 - [HIS6_ECOLI],1,1,P60664,C5(Carbamidomethyl),CID,1,0,1,1,1.95e+08,,,0.0062,13,13,13,35,19,1,35,2,929000,4,721.61682,2883.44546,0,2.09,86.71,29762,29762,MS2,23/288,23,288,121219_S_CCES_01_12_LysC_Try_1to10_Mixt_4_3.raw,
High,L,4,VREVcHVPLIASGGAGTMEHFLEAFR,14476,Unambiguous,Imidazole glycerol phosphate synthase subunit HisF OS=Escherichia coli (strain K12) GN=hisF PE=1 SV=1 - [HIS6_ECOLI],1,1,P60664,C5(Carbamidomethyl),CID,1,0,1,1,56900000,,,0.15,13,13,13,21,20,1,79,2,931000,5,577.49518,2883.44678,0,2.56,86.88,29829,29829,MS2,12/288,12,288,121219_S_CCES_01_12_LysC_Try_1to10_Mixt_4_3.raw,
High,M,4,NHEIIGDIVPLAK,4700,Unambiguous,Imidazole glycerol phosphate synthase subunit HisF OS=Escherichia coli (strain K12) GN=hisF PE=1 SV=1 - [HIS6_ECOLI],1,1,P60664,"",CID,1,0,1,1,1.22e+08,,,0.24,13,13,13,19,10,0,80,1,4490000,3,473.60522,1418.80112,0,0.61,59.75,18983,18983,MS2,4/128,4,128,121219_S_CCES_01_13_LysC_Try_1to10_Mixt_5_1.raw,
High,M,4,NHEIIGDIVPLAK,4700,Unambiguous,Imidazole glycerol phosphate synthase subunit HisF OS=Escherichia coli (strain K12) GN=hisF PE=1 SV=1 - [HIS6_ECOLI],1,1,P60664,"",CID,1,0,1,1,2.11e+08,,,3.1e-06,13,13,13,68,10,0,39,1,6870000,2,709.90424,1418.8012,0,0.66,59.75,18984,18984,MS2,15/128,15,128,121219_S_CCES_01_13_LysC_Try_1to10_Mixt_5_1.raw,
High,M,4,YHVNQYTGDESR,5209,Unambiguous,Imidazole glycerol phosphate synthase subunit HisF OS=Escherichia coli (strain K12) GN=hisF PE=1 SV=1 - [HIS6_ECOLI],1,1,P60664,"",CID,1,0,1,1,5760000,,,0.0027,13,13,13,39,3,0,18,16,321000,2,734.82599,1468.6447,0,-0.32,24.19,4544,4544,MS2,9/112,9,112,121219_S_CCES_01_13_LysC_Try_1to10_Mixt_5_1.raw,
High,M,4,ANSHAPEAVVEGASR,5423,Unambiguous,Protein TolQ OS=Escherichia coli (strain K12) GN=tolQ PE=1 SV=1 - [TOLQ_ECOLI],1,1,P0ABU9,"",CID,1,0,1,1,29800000,,,0.1,13,13,13,23,6,0,23,3,1210000,3,498.91431,1494.72837,0,-0.84,26.94,5542,5542,MS2,8/160,8,160,121219_S_CCES_01_13_LysC_Try_1to10_Mixt_5_1.raw,
High,M,4,ANSHAPEAVVEGASR,5423,Unambiguous,Protein TolQ OS=Escherichia coli (strain K12) GN=tolQ PE=1 SV=1 - [TOLQ_ECOLI],1,1,P0ABU9,"",CID,1,0,1,1,15200000,,,1.3e-06,13,13,13,72,4,0,0,8,507000,2,747.86859,1494.72991,0,0.19,26.86,5514,5514,MS2,11/160,11,160,121219_S_CCES_01_13_LysC_Try_1to10_Mixt_5_1.raw,
High,M,4,DADVDGALAASVFHK,79370,Unambiguous,Imidazole glycerol phosphate synthase subunit HisF OS=Escherichia coli (strain K12) GN=hisF PE=1 SV=1 - [HIS6_ECOLI],1,1,P60664,"",CID,1,0,1,1,91100000,,,0.00083,13,13,13,44,5,0,24,3,927000,3,505.91977,1515.74475,0,0.58,59.78,18999,18999,MS2,16/132,16,132,121219_S_CCES_01_13_LysC_Try_1to10_Mixt_5_1.raw,
High,M,4,ISINSPALADPTLITR,7264,Unambiguous,Imidazole glycerol phosphate synthase subunit HisF OS=Escherichia coli (strain K12) GN=hisF PE=1 SV=1 - [HIS6_ECOLI],1,1,P60664,"",CID,1,0,1,1,5.07e+08,,,1.1e-07,13,13,13,82,8,0,14,1,11100000,2,841.47809,1681.9489,0,0.3,71.01,23497,23497,MS2,12/170,12,170,121219_S_CCES_01_13_LysC_Try_1to10_Mixt_5_1.raw,
High,M,4,VAEVIDIPFcVAGGIK,7318,Unambiguous,Imidazole glycerol phosphate synthase subunit HisF OS=Escherichia coli (strain K12) GN=hisF PE=1 SV=1 - [HIS6_ECOLI],1,1,P60664,C10(Carbamidomethyl),CID,1,0,1,1,24300000,,,0.00027,13,13,13,49,19,0,33,4,1060000,3,563.30847,1687.91086,0,1.19,88.55,30421,30421,MS2,13/126,13,126,121219_S_CCES_01_13_LysC_Try_1to10_Mixt_5_1.raw,
High,M,4,RGAGEIVLNMMNQDGVR,100910,Unambiguous,Imidazole glycerol phosphate synthase subunit HisF OS=Escherichia coli (strain K12) GN=hisF PE=1 SV=1 - [HIS6_ECOLI],1,1,P60664,"",CID,1,0,1,1,14400000,,,0.16,13,13,13,21,15,1,41,9,514000,2,930.46484,1859.92241,0,0.45,63.58,20533,20533,MS2,10/178,10,178,121219_S_CCES_01_13_LysC_Try_1to10_Mixt_5_1.raw,
High,M,4,VTQWETLDWVQEVQK,9000,Unambiguous,Imidazole glycerol phosphate synthase subunit HisF OS=Escherichia coli (strain K12) GN=hisF PE=1 SV=1 - [HIS6_ECOLI],1,1,P60664,"",CID,1,0,1,1,2.93e+08,,,2.5e-07,13,13,13,79,15,0,12,1,5970000,2,944.97534,1888.94341,0,-0.33,80.95,27426,27426,MS2,10/156,10,156,121219_S_CCES_01_13_LysC_Try_1to10_Mixt_5_1.raw,
High,M,4,EQVGDEHIGVIPEDcYYK,10878,Unambiguous,Uridine kinase OS=Escherichia coli (strain K12) GN=udk PE=3 SV=1 - [URK_ECOLI],1,1,P0A8F4,C15(Carbamidomethyl),CID,1,0,1,1,21700000,,,6.5e-06,13,13,13,65,7,0,15,9,664000,2,1075.9906,2150.97392,0,1.83,54.92,17044,17044,MS2,8/194,8,194,121219_S_CCES_01_13_LysC_Try_1to10_Mixt_5_1.raw,
High,M,4,TNYDHPSAMDHSLLLEHLQALK,31721,Unambiguous,Uridine kinase OS=Escherichia coli (strain K12) GN=udk PE=3 SV=1 - [URK_ECOLI],1,1,P0A8F4,"",CID,1,0,1,1,43900000,,,0.03,13,13,13,28,14,0,38,2,994000,3,845.08917,2533.25296,0,0.98,63.79,20614,20614,MS2,22/238,22,238,121219_S_CCES_01_13_LysC_Try_1to10_Mixt_5_1.raw,
High,M,4,VNKLELNYDNFMEEFTAILHR,13339,Unambiguous,Protein TolQ OS=Escherichia coli (strain K12) GN=tolQ PE=1 SV=1 - [TOLQ_ECOLI],1,1,P0ABU9,"",CID,1,0,1,1,39100000,,,0.0099,13,13,13,33,15,1,0,4,409000,4,649.82806,2596.29043,0,1.5,105.89,37225,37225,MS2,9/220,9,220,121219_S_CCES_01_13_LysC_Try_1to10_Mixt_5_1.raw,
High,M,4,VNKLELNYDNFMEEFTAILHR,13339,Unambiguous,Protein TolQ OS=Escherichia coli (strain K12) GN=tolQ PE=1 SV=1 - [TOLQ_ECOLI],1,1,P0ABU9,"",CID,1,0,1,1,39100000,,,0.0011,13,13,13,43,16,1,10,3,854000,4,649.82843,2596.29189,0,2.06,105.84,37203,37203,MS2,10/220,10,220,121219_S_CCES_01_13_LysC_Try_1to10_Mixt_5_1.raw,
High,M,4,EVcHVPLIASGGAGTMEHFLEAFR,13435,Unambiguous,Imidazole glycerol phosphate synthase subunit HisF OS=Escherichia coli (strain K12) GN=hisF PE=1 SV=1 - [HIS6_ECOLI],1,1,P60664,C3(Carbamidomethyl),CID,1,0,1,1,5.69e+08,,,0.016,13,13,13,31,16,0,6,0,3900000,4,657.82385,2628.27358,0,1.41,93.16,32234,32234,MS2,11/224,11,224,121219_S_CCES_01_13_LysC_Try_1to10_Mixt_5_1.raw,
High,M,4,EVcHVPLIASGGAGTMEHFLEAFR,13435,Unambiguous,Imidazole glycerol phosphate synthase subunit HisF OS=Escherichia coli (strain K12) GN=hisF PE=1 SV=1 - [HIS6_ECOLI],1,1,P60664,C3(Carbamidomethyl),CID,1,0,1,1,2.77e+08,,,4.6e-07,13,13,13,76,17,0,48,2,552000,3,876.76392,2628.27719,0,2.78,93.14,32229,32229,MS2,27/224,27,224,121219_S_CCES_01_13_LysC_Try_1to10_Mixt_5_1.raw,
High,M,4,VREVcHVPLIASGGAGTMEHFLEAFR,14476,Unambiguous,Imidazole glycerol phosphate synthase subunit HisF OS=Escherichia coli (strain K12) GN=hisF PE=1 SV=1 - [HIS6_ECOLI],1,1,P60664,C5(Carbamidomethyl),CID,1,0,1,1,1.95e+08,,,0.11,13,13,13,23,15,1,83,1,3010000,4,721.61438,2883.43569,0,-1.29,85.91,29381,29381,MS2,19/288,19,288,121219_S_CCES_01_13_LysC_Try_1to10_Mixt_5_1.raw,
High,M,4,RGAGEIVLNMMNQDGVRNGYDLEQLKK,237005,Unambiguous,Imidazole glycerol phosphate synthase subunit HisF OS=Escherichia coli (strain K12) GN=hisF PE=1 SV=1 - [HIS6_ECOLI],1,1,P60664,"",CID,1,0,1,1,,,,0.55,13,13,13,16,19,3,30,1,455000,4,762.89008,3048.53847,0,0.97,70.71,23380,23380,MS2,6/296,6,296,121219_S_CCES_01_13_LysC_Try_1to10_Mixt_5_1.raw,
High,N,4,NHEIIGDIVPLAK,4700,Unambiguous,Imidazole glycerol phosphate synthase subunit HisF OS=Escherichia coli (strain K12) GN=hisF PE=1 SV=1 - [HIS6_ECOLI],1,1,P60664,"",CID,1,0,1,1,1.25e+08,,,0.05,13,13,13,26,10,0,78,1,4570000,3,473.60516,1418.80094,0,0.48,59.72,19223,19223,MS2,6/128,6,128,121219_S_CCES_01_14_LysC_Try_1to10_Mixt_5_2.raw,
High,N,4,YHVNQYTGDESR,5209,Unambiguous,Imidazole glycerol phosphate synthase subunit HisF OS=Escherichia coli (strain K12) GN=hisF PE=1 SV=1 - [HIS6_ECOLI],1,1,P60664,"",CID,1,0,1,1,3210000,,,0.0086,13,13,13,34,3,0,42,29,241000,2,734.82587,1468.64446,0,-0.49,23.88,4720,4720,MS2,9/112,9,112,121219_S_CCES_01_14_LysC_Try_1to10_Mixt_5_2.raw,
High,N,4,ANSHAPEAVVEGASR,5423,Unambiguous,Protein TolQ OS=Escherichia coli (strain K12) GN=tolQ PE=1 SV=1 - [TOLQ_ECOLI],1,1,P0ABU9,"",CID,1,0,1,1,16500000,,,2.6e-05,13,13,13,59,5,0,5,5,807000,2,747.867,1494.72673,0,-1.93,26.48,5669,5669,MS2,10/160,10,160,121219_S_CCES_01_14_LysC_Try_1to10_Mixt_5_2.raw,
High,N,4,ANSHAPEAVVEGASR,5423,Unambiguous,Protein TolQ OS=Escherichia coli (strain K12) GN=tolQ PE=1 SV=1 - [TOLQ_ECOLI],1,1,P0ABU9,"",CID,1,0,1,1,30100000,,,0.4,13,13,13,17,6,0,20,3,1150000,3,498.91431,1494.72837,0,-0.84,26.53,5691,5691,MS2,7/160,7,160,121219_S_CCES_01_14_LysC_Try_1to10_Mixt_5_2.raw,
High,N,4,DADVDGALAASVFHK,79370,Unambiguous,Imidazole glycerol phosphate synthase subunit HisF OS=Escherichia coli (strain K12) GN=hisF PE=1 SV=1 - [HIS6_ECOLI],1,1,P60664,"",CID,1,0,1,1,9.8e+07,,,0.0045,13,13,13,36,5,0,59,2,2410000,3,505.91968,1515.74448,0,0.39,59.74,19231,19231,MS2,17/132,17,132,121219_S_CCES_01_14_LysC_Try_1to10_Mixt_5_2.raw,
High,N,4,ISINSPALADPTLITR,7264,Unambiguous,Imidazole glycerol phosphate synthase subunit HisF OS=Escherichia coli (strain K12) GN=hisF PE=1 SV=1 - [HIS6_ECOLI],1,1,P60664,"",CID,1,0,1,1,5.16e+08,,,1.2e-06,13,13,13,72,8,0,19,1,6970000,2,841.47821,1681.94914,0,0.45,70.87,23685,23685,MS2,11/170,11,170,121219_S_CCES_01_14_LysC_Try_1to10_Mixt_5_2.raw,
High,N,4,VAEVIDIPFcVAGGIK,7318,Unambiguous,Imidazole glycerol phosphate synthase subunit HisF OS=Escherichia coli (strain K12) GN=hisF PE=1 SV=1 - [HIS6_ECOLI],1,1,P60664,C10(Carbamidomethyl),CID,1,0,1,1,22200000,,,5.3e-05,13,13,13,56,20,0,19,4,1410000,3,563.30823,1687.91013,0,0.75,88.49,30624,30624,MS2,12/126,12,126,121219_S_CCES_01_14_LysC_Try_1to10_Mixt_5_2.raw,
High,N,4,VTQWETLDWVQEVQK,9000,Unambiguous,Imidazole glycerol phosphate synthase subunit HisF OS=Escherichia coli (strain K12) GN=hisF PE=1 SV=1 - [HIS6_ECOLI],1,1,P60664,"",CID,1,0,1,1,61900000,,,7.6e-05,13,13,13,54,15,0,9,2,1380000,3,630.32001,1888.94547,0,0.76,80.97,27671,27671,MS2,7/156,7,156,121219_S_CCES_01_14_LysC_Try_1to10_Mixt_5_2.raw,
High,N,4,VTQWETLDWVQEVQK,9000,Unambiguous,Imidazole glycerol phosphate synthase subunit HisF OS=Escherichia coli (strain K12) GN=hisF PE=1 SV=1 - [HIS6_ECOLI],1,1,P60664,"",CID,1,0,1,1,2.98e+08,,,9e-08,13,13,13,83,17,0,17,2,3840000,2,944.97729,1888.94731,0,1.74,80.89,27638,27638,MS2,19/156,19,156,121219_S_CCES_01_14_LysC_Try_1to10_Mixt_5_2.raw,
High,N,4,ELREQVGDEHIGVIPEDcYYK,141684,Unambiguous,Uridine kinase OS=Escherichia coli (strain K12) GN=udk PE=3 SV=1 - [URK_ECOLI],1,1,P0A8F4,C18(Carbamidomethyl),CID,1,0,1,1,45500000,,,0.096,13,13,13,23,11,1,5,2,1750000,3,850.40515,2549.2009,0,1.23,54.92,17297,17297,MS2,14/228,14,228,121219_S_CCES_01_14_LysC_Try_1to10_Mixt_5_2.raw,
High,N,4,VNKLELNYDNFMEEFTAILHR,13339,Unambiguous,Protein TolQ OS=Escherichia coli (strain K12) GN=tolQ PE=1 SV=1 - [TOLQ_ECOLI],1,1,P0ABU9,"",CID,1,0,1,1,34300000,,,8.2e-05,13,13,13,54,16,1,29,4,452000,4,649.82849,2596.29213,0,2.15,105.79,37414,37414,MS2,9/220,9,220,121219_S_CCES_01_14_LysC_Try_1to10_Mixt_5_2.raw,
High,N,4,EVcHVPLIASGGAGTMEHFLEAFR,13435,Unambiguous,Imidazole glycerol phosphate synthase subunit HisF OS=Escherichia coli (strain K12) GN=hisF PE=1 SV=1 - [HIS6_ECOLI],1,1,P60664,C3(Carbamidomethyl),CID,1,0,1,1,5.83e+08,,14,0.011,13,13,13,33,16,0,5,0,5410000,4,657.82397,2628.27407,0,1.6,93.17,32462,32462,MS2,10/224,10,224,121219_S_CCES_01_14_LysC_Try_1to10_Mixt_5_2.raw,
High,N,4,EVcHVPLIASGGAGTMEHFLEAFR,13435,Unambiguous,Imidazole glycerol phosphate synthase subunit HisF OS=Escherichia coli (strain K12) GN=hisF PE=1 SV=1 - [HIS6_ECOLI],1,1,P60664,C3(Carbamidomethyl),CID,1,0,1,1,2.84e+08,,,3.4e-06,13,13,13,68,17,0,33,1,1520000,3,876.76465,2628.27939,0,3.62,93.13,32448,32448,MS2,28/224,28,224,121219_S_CCES_01_14_LysC_Try_1to10_Mixt_5_2.raw,
High,N,4,VREVcHVPLIASGGAGTMEHFLEAFR,14476,Unambiguous,Imidazole glycerol phosphate synthase subunit HisF OS=Escherichia coli (strain K12) GN=hisF PE=1 SV=1 - [HIS6_ECOLI],1,1,P60664,C5(Carbamidomethyl),CID,1,0,1,1,2.16e+08,,,0.018,13,13,13,30,17,1,24,1,1930000,4,721.61566,2883.44082,0,0.49,85.91,29608,29608,MS2,19/288,19,288,121219_S_CCES_01_14_LysC_Try_1to10_Mixt_5_2.raw,
High,N,4,VREVcHVPLIASGGAGTMEHFLEAFR,14476,Unambiguous,Imidazole glycerol phosphate synthase subunit HisF OS=Escherichia coli (strain K12) GN=hisF PE=1 SV=1 - [HIS6_ECOLI],1,1,P60664,C5(Carbamidomethyl),CID,1,0,1,1,55900000,,,0.23,13,13,13,19,21,1,43,2,0,5,577.49561,2883.44892,0,3.3,85.99,29644,29644,MS2,16/288,16,288,121219_S_CCES_01_14_LysC_Try_1to10_Mixt_5_2.raw,
High,O,4,LDEGcTER,147995,Unambiguous,Fumarate reductase flavoprotein subunit OS=Escherichia coli (strain K12) GN=frdA PE=1 SV=3 - [FRDA_ECOLI],1,1,P00363,C5(Carbamidomethyl),CID,1,0,1,1,388000,,,0.01,13,13,13,33,2,0,40,100,9360,2,490.21112,979.41496,0,-0.02,14.83,1752,1752,MS2,Jul-66,7,66,121219_S_CCES_01_15_LysC_Try_1to10_Mixt_5_3.raw,
High,O,4,RIIPcLDVR,20590,Unambiguous,Imidazole glycerol phosphate synthase subunit HisF OS=Escherichia coli (strain K12) GN=hisF PE=1 SV=1 - [HIS6_ECOLI],1,1,P60664,C5(Carbamidomethyl),CID,1,0,1,1,22500000,,,0.003,13,13,13,38,16,1,17,5,908000,3,381.22235,1141.6525,0,1.24,46.46,13293,13293,MS2,May-80,5,80,121219_S_CCES_01_15_LysC_Try_1to10_Mixt_5_3.raw,
High,O,4,NHEIIGDIVPLAK,4700,Unambiguous,Imidazole glycerol phosphate synthase subunit HisF OS=Escherichia coli (strain K12) GN=hisF PE=1 SV=1 - [HIS6_ECOLI],1,1,P60664,"",CID,1,0,1,1,1.97e+08,,,2.7e-06,13,13,13,69,10,0,43,1,4640000,2,709.90454,1418.80181,0,1.09,59.96,18776,18776,MS2,15/128,15,128,121219_S_CCES_01_15_LysC_Try_1to10_Mixt_5_3.raw,
High,O,4,NHEIIGDIVPLAK,4700,Unambiguous,Imidazole glycerol phosphate synthase subunit HisF OS=Escherichia coli (strain K12) GN=hisF PE=1 SV=1 - [HIS6_ECOLI],1,1,P60664,"",CID,1,0,1,1,1.12e+08,,,0.012,13,13,13,32,10,0,62,0,6780000,3,473.60559,1418.80222,0,1.38,60,18792,18792,MS2,6/128,6,128,121219_S_CCES_01_15_LysC_Try_1to10_Mixt_5_3.raw,
High,O,4,ANSHAPEAVVEGASR,5423,Unambiguous,Protein TolQ OS=Escherichia coli (strain K12) GN=tolQ PE=1 SV=1 - [TOLQ_ECOLI],1,1,P0ABU9,"",CID,1,0,1,1,13500000,,,0.00011,13,13,13,53,6,0,0,37,245000,2,747.86786,1494.72844,0,-0.79,27.27,5444,5444,MS2,10/160,10,160,121219_S_CCES_01_15_LysC_Try_1to10_Mixt_5_3.raw,
High,O,4,ANSHAPEAVVEGASR,5423,Unambiguous,Protein TolQ OS=Escherichia coli (strain K12) GN=tolQ PE=1 SV=1 - [TOLQ_ECOLI],1,1,P0ABU9,"",CID,1,0,1,1,13500000,,,3e-06,13,13,13,68,4,0,0,7,894000,2,747.86841,1494.72954,0,-0.05,27.18,5406,5406,MS2,10/160,10,160,121219_S_CCES_01_15_LysC_Try_1to10_Mixt_5_3.raw,
High,O,4,DADVDGALAASVFHK,79370,Unambiguous,Imidazole glycerol phosphate synthase subunit HisF OS=Escherichia coli (strain K12) GN=hisF PE=1 SV=1 - [HIS6_ECOLI],1,1,P60664,"",CID,1,0,1,1,91500000,,,0.00072,13,13,13,44,5,0,10,1,2890000,3,505.91971,1515.74457,0,0.46,59.91,18757,18757,MS2,10/132,10,132,121219_S_CCES_01_15_LysC_Try_1to10_Mixt_5_3.raw,
High,O,4,ISINSPALADPTLITR,7264,Unambiguous,Imidazole glycerol phosphate synthase subunit HisF OS=Escherichia coli (strain K12) GN=hisF PE=1 SV=1 - [HIS6_ECOLI],1,1,P60664,"",CID,1,0,1,1,4.83e+08,,,1.1e-06,13,13,13,73,6,0,24,1,4340000,2,841.47894,1681.95061,0,1.32,71.19,23265,23265,MS2,12/170,12,170,121219_S_CCES_01_15_LysC_Try_1to10_Mixt_5_3.raw,
High,O,4,VTQWETLDWVQEVQK,9000,Unambiguous,Imidazole glycerol phosphate synthase subunit HisF OS=Escherichia coli (strain K12) GN=hisF PE=1 SV=1 - [HIS6_ECOLI],1,1,P60664,"",CID,1,0,1,1,2.61e+08,,,6.7e-08,13,13,13,85,17,0,30,3,1750000,2,944.97705,1888.94682,0,1.48,81.06,27157,27157,MS2,11/156,11,156,121219_S_CCES_01_15_LysC_Try_1to10_Mixt_5_3.raw,
High,O,4,VTQWETLDWVQEVQK,9000,Unambiguous,Imidazole glycerol phosphate synthase subunit HisF OS=Escherichia coli (strain K12) GN=hisF PE=1 SV=1 - [HIS6_ECOLI],1,1,P60664,"",CID,1,0,1,1,52800000,,,0.6,13,13,13,15,17,0,4,2,1070000,3,630.32056,1888.94712,0,1.63,81.28,27250,27250,MS2,10/156,10,156,121219_S_CCES_01_15_LysC_Try_1to10_Mixt_5_3.raw,
High,O,4,EQVGDEHIGVIPEDcYYK,10878,Unambiguous,Uridine kinase OS=Escherichia coli (strain K12) GN=udk PE=3 SV=1 - [URK_ECOLI],1,1,P0A8F4,C15(Carbamidomethyl),CID,1,0,1,1,26500000,,,0.0011,13,13,13,43,7,0,0,5,911000,2,1075.98987,2150.97246,0,1.15,55.05,16806,16806,MS2,11/194,11,194,121219_S_CCES_01_15_LysC_Try_1to10_Mixt_5_3.raw,
High,O,4,VNKLELNYDNFMEEFTAILHR,13339,Unambiguous,Protein TolQ OS=Escherichia coli (strain K12) GN=tolQ PE=1 SV=1 - [TOLQ_ECOLI],1,1,P0ABU9,"",CID,1,0,1,1,3.6e+07,,,0.0036,13,13,13,37,13,1,40,5,265000,4,649.82739,2596.28774,0,0.46,105.83,36885,36885,MS2,20/220,20,220,121219_S_CCES_01_15_LysC_Try_1to10_Mixt_5_3.raw,
High,O,4,VNKLELNYDNFMEEFTAILHR,13339,Unambiguous,Protein TolQ OS=Escherichia coli (strain K12) GN=tolQ PE=1 SV=1 - [TOLQ_ECOLI],1,1,P0ABU9,"",CID,1,0,1,1,3.6e+07,,,0.0031,13,13,13,38,15,1,26,4,759000,4,649.82825,2596.29116,0,1.78,105.87,36901,36901,MS2,20/220,20,220,121219_S_CCES_01_15_LysC_Try_1to10_Mixt_5_3.raw,
High,O,4,EVcHVPLIASGGAGTMEHFLEAFR,13435,Unambiguous,Imidazole glycerol phosphate synthase subunit HisF OS=Escherichia coli (strain K12) GN=hisF PE=1 SV=1 - [HIS6_ECOLI],1,1,P60664,C3(Carbamidomethyl),CID,1,0,1,1,5.7e+08,,15,0.0039,13,13,13,37,15,0,14,1,2210000,4,657.8244,2628.27578,0,2.25,93.33,31981,31981,MS2,17/224,17,224,121219_S_CCES_01_15_LysC_Try_1to10_Mixt_5_3.raw,
High,O,4,VREVcHVPLIASGGAGTMEHFLEAFR,14476,Unambiguous,Imidazole glycerol phosphate synthase subunit HisF OS=Escherichia coli (strain K12) GN=hisF PE=1 SV=1 - [HIS6_ECOLI],1,1,P60664,C5(Carbamidomethyl),CID,1,0,1,1,2.03e+08,,,0.0084,13,13,13,34,18,1,21,1,1440000,4,721.61633,2883.4435,0,1.42,86.06,29122,29122,MS2,24/288,24,288,121219_S_CCES_01_15_LysC_Try_1to10_Mixt_5_3.raw,
High,O,4,VREVcHVPLIASGGAGTMEHFLEAFR,14476,Unambiguous,Imidazole glycerol phosphate synthase subunit HisF OS=Escherichia coli (strain K12) GN=hisF PE=1 SV=1 - [HIS6_ECOLI],1,1,P60664,C5(Carbamidomethyl),CID,1,0,1,1,56300000,,,0.077,13,13,13,24,20,1,45,3,480000,5,577.49542,2883.44801,0,2.98,86.04,29116,29116,MS2,6/288,6,288,121219_S_CCES_01_15_LysC_Try_1to10_Mixt_5_3.raw,
