R.MS3.Used,R.BlockName,R.QuantificationMethod,R.FileName,PG.Genes,PG.Organisms,PG.ProteinAccessions,PG.ProteinDescriptions,PG.ProteinNames,PG.UniprotIds,PG.Coverage,PG.QValue,PEP.IsProteinGroupSpecific,PEP.IsProteotypic,PEP.StrippedSequence,PEP.QValue,PEP.IsUsedForQuantification,PP.Charge,P.MoleculeID,PSM.TMT6_126..Raw.,PSM.TMT6_127..Raw.,PSM.TMT6_128..Raw.,PSM.TMT6_129..Raw.,PSM.TMT6_130..Raw.,PSM.TMT6_131..Raw.,PSM.IsUsedForQuantification,PSM.NrOfMatchedChannelIons,PSM.Qvalue
True,All Runs,TMT6Plex,ch_19Jan2017_SM-1-1_Sp-6-2_CID-OT-MS3-Short_HpH_1.raw,KRT18,Homo sapiens,P05783,"Keratin, type I cytoskeletal 18",K1C18_HUMAN,P05783,6.7%,0,TRUE,TRUE,ASLENSLR,0.000198649185538339,True,2,_[TMT_Nter]ASLENSLR_,81027.63,52582.07,99263.44,74617.94,99304.76,76413.34,True,6,0.000765389802092066
True,All Runs,TMT6Plex,ch_19Jan2017_SM-1-1_Sp-6-2_CID-OT-MS3-Short_HpH_1.raw,KRT18,Homo sapiens,P05783,"Keratin, type I cytoskeletal 18",K1C18_HUMAN,P05783,6.7%,0,TRUE,TRUE,ASLENSLR,0.000198649185538339,True,2,_[TMT_Nter]ASLENSLR_,145255.1,138674.4,108860.3,107815.7,155784.7,111402.7,True,6,0.00276325616131441
True,All Runs,TMT6Plex,ch_19Jan2017_SM-1-1_Sp-6-2_CID-OT-MS3-Short_HpH_1.raw,KRT18,Homo sapiens,P05783,"Keratin, type I cytoskeletal 18",K1C18_HUMAN,P05783,6.7%,0,TRUE,TRUE,TVQSLEIDLDSMR,0,True,2,_[TMT_Nter]TVQSLEIDLDSMR_,12344.94,12656.31,12610.54,6707.162,4465.686,3071.615,True,6,0.000214601485042277
True,All Runs,TMT6Plex,ch_19Jan2017_SM-1-1_Sp-6-2_CID-OT-MS3-Short_HpH_1.raw,KRT18,Homo sapiens,P05783,"Keratin, type I cytoskeletal 18",K1C18_HUMAN,P05783,6.7%,0,TRUE,TRUE,KNHEEEVK,0.000198649185538339,True,3,_[TMT_Nter]K[TMT_Lys]NHEEEVK[TMT_Lys]_,10316.1,17176.01,21114.5,12830.5,15799.69,4286.717,True,6,0.000964673009114497
True,All Runs,TMT6Plex,ch_19Jan2017_SM-1-1_Sp-6-2_CID-OT-MS3-Short_HpH_1.raw,KRT18,Homo sapiens,P05783,"Keratin, type I cytoskeletal 18",K1C18_HUMAN,P05783,6.7%,0,TRUE,TRUE,KNHEEEVK,0.000198649185538339,True,3,_[TMT_Nter]K[TMT_Lys]NHEEEVK[TMT_Lys]_,28492.76,27320.67,25989.28,28051.18,45623.5,13520.82,True,6,0.00110994830812165
True,All Runs,TMT6Plex,ch_19Jan2017_SM-1-1_Sp-6-2_CID-OT-MS3-Short_HpH_1.raw,KRT18,Homo sapiens,P05783,"Keratin, type I cytoskeletal 18",K1C18_HUMAN,P05783,6.7%,0,TRUE,TRUE,KNHEEEVK,0.000198649185538339,True,3,_[TMT_Nter]K[TMT_Lys]NHEEEVK[TMT_Lys]_,613.17,526.4402,819.1927,436.7184,686.032,417.9575,True,6,0.00956390239914988
True,All Runs,TMT6Plex,ch_19Jan2017_SM-1-1_Sp-6-2_CID-OT-MS3-Short_HpH_1.raw,KRT18,Homo sapiens,P05783,"Keratin, type I cytoskeletal 18",K1C18_HUMAN,P05783,6.7%,0,TRUE,TRUE,KNHEEEVK,0.000198649185538339,True,2,_[TMT_Nter]K[TMT_Lys]NHEEEVK[TMT_Lys]_,1552.498,1364.984,2316.2,1239.205,1816.126,692.9951,True,6,0.000214601485042277
True,All Runs,TMT6Plex,ch_19Jan2017_SM-1-1_Sp-6-2_CID-OT-MS3-Short_HpH_1.raw,KRT18,Homo sapiens,P05783,"Keratin, type I cytoskeletal 18",K1C18_HUMAN,P05783,6.7%,0,TRUE,TRUE,KNHEEEVK,0.000198649185538339,True,2,_[TMT_Nter]K[TMT_Lys]NHEEEVK[TMT_Lys]_,381.0648,622.8741,598.2565,471.1284,388.7252,145.8821,True,6,0.00132362673726009
True,All Runs,TMT6Plex,ch_19Jan2017_SM-1-1_Sp-6-2_CID-OT-MS3-Short_HpH_1.raw,EIF6,Homo sapiens,P56537,Eukaryotic translation initiation factor 6,IF6_HUMAN,P56537,4.1%,0,TRUE,TRUE,NSLPDTVQIR,0.00105568751649512,True,2,_[TMT_Nter]NSLPDTVQIR_,78665.45,50760.46,88266.17,110947.5,88060.88,36168.41,True,6,0.001034962320903
True,All Runs,TMT6Plex,ch_19Jan2017_SM-1-1_Sp-6-2_CID-OT-MS3-Short_HpH_2.raw,EIF6,Homo sapiens,P56537,Eukaryotic translation initiation factor 6,IF6_HUMAN,P56537,5.7%,0,TRUE,TRUE,LNEAQPSTIATSMR,0,True,2,_[TMT_Nter]LNEAQPSTIATSMR_,8452.167,12116.48,14849.89,8743.523,6623.657,8307.345,True,6,0
True,All Runs,TMT6Plex,ch_19Jan2017_SM-1-1_Sp-6-2_CID-OT-MS3-Short_HpH_2.raw,KRT18,Homo sapiens,P05783,"Keratin, type I cytoskeletal 18",K1C18_HUMAN,P05783,4.4%,0,TRUE,TRUE,SLETENR,0.0014424990051731,True,2,_[TMT_Nter]SLETENR_,1244513,1583220,1468744,1181740,1649813,707144.6,True,6,0.00130834296841721
True,All Runs,TMT6Plex,ch_19Jan2017_SM-1-1_Sp-6-2_CID-OT-MS3-Short_HpH_2.raw,KRT18,Homo sapiens,P05783,"Keratin, type I cytoskeletal 18",K1C18_HUMAN,P05783,4.4%,0,TRUE,TRUE,SLETENR,0.0014424990051731,True,2,_[TMT_Nter]SLETENR_,27759.86,48916.09,37983.71,39641.13,35957.84,38401.14,True,6,0.00130834296841721
True,All Runs,TMT6Plex,ch_19Jan2017_SM-1-1_Sp-6-2_CID-OT-MS3-Short_HpH_2.raw,KRT18,Homo sapiens,P05783,"Keratin, type I cytoskeletal 18",K1C18_HUMAN,P05783,4.4%,0,TRUE,TRUE,SLETENR,0.0014424990051731,True,2,_[TMT_Nter]SLETENR_,7171.615,7924.723,7725.662,6733.491,6047.059,4231.108,True,6,0.00272275372817426
True,All Runs,TMT6Plex,ch_19Jan2017_SM-1-1_Sp-6-2_CID-OT-MS3-Short_HpH_2.raw,KRT18,Homo sapiens,P05783,"Keratin, type I cytoskeletal 18",K1C18_HUMAN,P05783,4.4%,0,TRUE,TRUE,QSVENDIHGLRK,0,True,4,_[TMT_Nter]QSVENDIHGLRK[TMT_Lys]_,4440.405,4209.066,4369.636,5817.107,6130.128,2549.155,True,6,0.00668204771025596
True,All Runs,TMT6Plex,ch_19Jan2017_SM-1-1_Sp-6-2_CID-OT-MS3-Short_HpH_2.raw,KRT18,Homo sapiens,P05783,"Keratin, type I cytoskeletal 18",K1C18_HUMAN,P05783,4.4%,0,TRUE,TRUE,QSVENDIHGLRK,0,True,3,_[TMT_Nter]QSVENDIHGLRK[TMT_Lys]_,109565.6,118676.2,113499.6,96747.78,129418.9,66423.08,True,6,0.000201338903709669
True,All Runs,TMT6Plex,ch_19Jan2017_SM-1-1_Sp-6-2_CID-OT-MS3-Short_HpH_2.raw,KRT18,Homo sapiens,P05783,"Keratin, type I cytoskeletal 18",K1C18_HUMAN,P05783,4.4%,0,TRUE,TRUE,QSVENDIHGLRK,0,True,2,_[TMT_Nter]QSVENDIHGLRK[TMT_Lys]_,6053.473,5475.494,4966.889,4070.317,4654.397,5794.127,True,6,0
True,All Runs,TMT6Plex,ch_19Jan2017_SM-1-1_Sp-6-2_CID-OT-MS3-Short_HpH_3.raw,KRT18,Homo sapiens,P05783,"Keratin, type I cytoskeletal 18",K1C18_HUMAN,P05783,7.9%,0,TRUE,TRUE,QSVENDIHGLR,0,True,3,_[TMT_Nter]QSVENDIHGLR_,110889.3,113339.4,113415.8,103107.1,126105.6,85351.49,True,6,0
True,All Runs,TMT6Plex,ch_19Jan2017_SM-1-1_Sp-6-2_CID-OT-MS3-Short_HpH_3.raw,KRT18,Homo sapiens,P05783,"Keratin, type I cytoskeletal 18",K1C18_HUMAN,P05783,7.9%,0,TRUE,TRUE,QSVENDIHGLR,0,True,3,_[TMT_Nter]QSVENDIHGLR_,367.337,700.4554,757.0636,444.645,633.4533,416.3984,True,6,0.000201338903709669
True,All Runs,TMT6Plex,ch_19Jan2017_SM-1-1_Sp-6-2_CID-OT-MS3-Short_HpH_3.raw,KRT18,Homo sapiens,P05783,"Keratin, type I cytoskeletal 18",K1C18_HUMAN,P05783,7.9%,0,TRUE,TRUE,QSVENDIHGLR,0,True,3,_[TMT_Nter]QSVENDIHGLR_,63448.31,52363.73,63585.46,44321.67,46813.45,19773.07,True,6,0.00132362673726009
True,All Runs,TMT6Plex,ch_19Jan2017_SM-1-1_Sp-6-2_CID-OT-MS3-Short_HpH_3.raw,KRT18,Homo sapiens,P05783,"Keratin, type I cytoskeletal 18",K1C18_HUMAN,P05783,7.9%,0,TRUE,TRUE,QSVENDIHGLR,0,True,2,_[TMT_Nter]QSVENDIHGLR_,16166.23,18459.09,14821.71,17655.19,14884.78,10650.07,True,6,0
True,All Runs,TMT6Plex,ch_19Jan2017_SM-1-1_Sp-6-2_CID-OT-MS3-Short_HpH_3.raw,KRT18,Homo sapiens,P05783,"Keratin, type I cytoskeletal 18",K1C18_HUMAN,P05783,7.9%,0,TRUE,TRUE,AQYDELAR,0.000629362627302895,True,2,_[TMT_Nter]AQYDELAR_,77271.95,150843.8,120704,125968.9,107082.3,84530.5,True,6,0.000765389802092066
True,All Runs,TMT6Plex,ch_19Jan2017_SM-1-1_Sp-6-2_CID-OT-MS3-Short_HpH_3.raw,KRT18,Homo sapiens,P05783,"Keratin, type I cytoskeletal 18",K1C18_HUMAN,P05783,7.9%,0,TRUE,TRUE,AQYDELAR,0.000629362627302895,True,2,_[TMT_Nter]AQYDELAR_,11551.67,19234.16,16177.45,26039.75,21938.55,11843,True,6,0.00852518516955412
True,All Runs,TMT6Plex,ch_19Jan2017_SM-1-1_Sp-6-2_CID-OT-MS3-Short_HpH_3.raw,KRT18,Homo sapiens,P05783,"Keratin, type I cytoskeletal 18",K1C18_HUMAN,P05783,7.9%,0,TRUE,TRUE,QSVENDIHGLRK,0,True,4,_[TMT_Nter]QSVENDIHGLRK[TMT_Lys]_,61339.23,64861.09,79509.52,80094.69,71256.06,37632.36,True,6,0.00209637971349477
True,All Runs,TMT6Plex,ch_19Jan2017_SM-1-1_Sp-6-2_CID-OT-MS3-Short_HpH_3.raw,KRT18,Homo sapiens,P05783,"Keratin, type I cytoskeletal 18",K1C18_HUMAN,P05783,7.9%,0,TRUE,TRUE,SLETENR,0.0014424990051731,True,2,_[TMT_Nter]SLETENR_,4428.136,3749.443,4091.465,5042.971,3891.447,2092.952,True,6,0.00427330577360769
True,All Runs,TMT6Plex,ch_19Jan2017_SM-1-1_Sp-6-2_CID-OT-MS3-Short_HpH_3.raw,KRT18,Homo sapiens,P05783,"Keratin, type I cytoskeletal 18",K1C18_HUMAN,P05783,7.9%,0,TRUE,TRUE,DWSHYFK,0,True,3,_[TMT_Nter]DWSHYFK[TMT_Lys]_,37721.01,46920.63,35753.08,37035.45,40141.23,35959.82,True,6,0.00334022204065939
True,All Runs,TMT6Plex,ch_19Jan2017_SM-1-1_Sp-6-2_CID-OT-MS3-Short_HpH_3.raw,KRT18,Homo sapiens,P05783,"Keratin, type I cytoskeletal 18",K1C18_HUMAN,P05783,7.9%,0,TRUE,TRUE,DWSHYFK,0,True,3,_[TMT_Nter]DWSHYFK[TMT_Lys]_,159266.3,186798.8,129494.8,168593.8,145142.9,123091.9,True,6,0.00775408474106896
True,All Runs,TMT6Plex,ch_19Jan2017_SM-1-1_Sp-6-2_CID-OT-MS3-Short_HpH_3.raw,KRT18,Homo sapiens,P05783,"Keratin, type I cytoskeletal 18",K1C18_HUMAN,P05783,7.9%,0,TRUE,TRUE,DWSHYFK,0,True,2,_[TMT_Nter]DWSHYFK[TMT_Lys]_,11011.76,15086.06,14660.84,4088.192,10729.63,9042.985,True,6,5.61324726354196e-05
True,All Runs,TMT6Plex,ch_19Jan2017_SM-1-1_Sp-6-2_CID-OT-MS3-Short_HpH_3.raw,ACO1,Homo sapiens,P21399,Cytoplasmic aconitate hydratase,ACOC_HUMAN,P21399,3%,0,TRUE,TRUE,NIEVPFKPAR,0.00105568751649512,True,3,_[TMT_Nter]NIEVPFK[TMT_Lys]PAR_,25768.47,55937.53,34087.34,44817.48,48188.85,19643.69,True,6,0.001034962320903
True,All Runs,TMT6Plex,ch_19Jan2017_SM-1-1_Sp-6-2_CID-OT-MS3-Short_HpH_3.raw,ACO1,Homo sapiens,P21399,Cytoplasmic aconitate hydratase,ACOC_HUMAN,P21399,3%,0,TRUE,TRUE,DFESCLGAK,0.000198649185538339,True,2,_[TMT_Nter]DFESC[Carbamidomethyl (C)]LGAK[TMT_Lys]_,12283.47,7774.368,21449.14,5390.722,4737.591,3342.496,True,6,0.000201338903709669
True,All Runs,TMT6Plex,ch_19Jan2017_SM-1-1_Sp-6-2_CID-OT-MS3-Short_HpH_3.raw,ACO1,Homo sapiens,P21399,Cytoplasmic aconitate hydratase,ACOC_HUMAN,P21399,3%,0,TRUE,TRUE,EYGAGSSR,0.00249826509368494,True,2,_[TMT_Nter]EYGAGSSR_,282.8319,280.7653,414.3629,463.6269,523.8049,203.3276,True,6,0.00197357601008717
True,All Runs,TMT6Plex,ch_19Jan2017_SM-1-1_Sp-6-2_CID-OT-MS3-Short_HpH_3.raw,EIF6,Homo sapiens,P56537,Eukaryotic translation initiation factor 6,IF6_HUMAN,P56537,5.7%,0,TRUE,TRUE,LNEAQPSTIATSMR,0,True,2,_[TMT_Nter]LNEAQPSTIATSMR_,17224.29,9689.371,12712.08,8545.603,7305.239,11025.91,True,6,5.61324726354196e-05
True,All Runs,TMT6Plex,ch_19Jan2017_SM-1-1_Sp-6-2_CID-OT-MS3-Short_HpH_3.raw,EIF6,Homo sapiens,P56537,Eukaryotic translation initiation factor 6,IF6_HUMAN,P56537,5.7%,0,TRUE,TRUE,LNEAQPSTIATSMR,0,True,2,_[TMT_Nter]LNEAQPSTIATSM[Oxidation (M)]R_,2629.604,2332.392,4475.855,1952.177,2957.881,1455.554,True,6,0.00822368421052632
True,All Runs,TMT6Plex,ch_19Jan2017_SM-1-1_Sp-6-2_CID-OT-MS3-Short_HpH_3.raw,;CYCS,;Homo sapiens,CONT_CYC_HUMAN;P99999,;Cytochrome c,;CYC_HUMAN,CONT_CYC_HUMAN;P99999,10.6%;10.5%,0,FALSE,FALSE,TGPNLHGLFGR,0.000198649185538339,True,3,_[TMT_Nter]TGPNLHGLFGR_,177582.2,281286.8,308148.9,229724.2,246384.5,89693.72,True,6,0.000214601485042277
True,All Runs,TMT6Plex,ch_19Jan2017_SM-1-1_Sp-6-2_CID-OT-MS3-Short_HpH_3.raw,;CYCS,;Homo sapiens,CONT_CYC_HUMAN;P99999,;Cytochrome c,;CYC_HUMAN,CONT_CYC_HUMAN;P99999,10.6%;10.5%,0,FALSE,FALSE,TGPNLHGLFGR,0.000198649185538339,True,3,_[TMT_Nter]TGPNLHGLFGR_,27753.98,38221.17,37175.39,35605.64,41967.4,16617.05,True,6,0.00729832440836068
True,All Runs,TMT6Plex,ch_19Jan2017_SM-1-1_Sp-6-2_CID-OT-MS3-Short_HpH_3.raw,;CYCS,;Homo sapiens,CONT_CYC_HUMAN;P99999,;Cytochrome c,;CYC_HUMAN,CONT_CYC_HUMAN;P99999,10.6%;10.5%,0,FALSE,FALSE,TGPNLHGLFGR,0.000198649185538339,True,2,_[TMT_Nter]TGPNLHGLFGR_,10869.82,18998.75,23524.62,8361.853,19679.29,5492.143,True,6,0.00032242463324198
True,All Runs,TMT6Plex,ch_19Jan2017_SM-1-1_Sp-6-2_CID-OT-MS3-Short_HpH_4.raw,;CYCS,;Homo sapiens,CONT_CYC_HUMAN;P99999,;Cytochrome c,;CYC_HUMAN,CONT_CYC_HUMAN;P99999,18.3%;18.1%,0,TRUE,FALSE,ADLIAYLK,0,True,2,_[TMT_Nter]ADLIAYLK[TMT_Lys]_,83690.29,115100.7,122799.7,91374.09,117815.8,70154.16,True,6,0
True,All Runs,TMT6Plex,ch_19Jan2017_SM-1-1_Sp-6-2_CID-OT-MS3-Short_HpH_4.raw,;CYCS,;Homo sapiens,CONT_CYC_HUMAN;P99999,;Cytochrome c,;CYC_HUMAN,CONT_CYC_HUMAN;P99999,18.3%;18.1%,0,FALSE,FALSE,TGPNLHGLFGR,0.000198649185538339,True,3,_[TMT_Nter]TGPNLHGLFGR_,26103.04,35174.62,38887.7,30797.26,31201.65,26699.37,True,6,0.00093315822216078
True,All Runs,TMT6Plex,ch_19Jan2017_SM-1-1_Sp-6-2_CID-OT-MS3-Short_HpH_4.raw,KRT18,Homo sapiens,P05783,"Keratin, type I cytoskeletal 18",K1C18_HUMAN,P05783,9.1%,0,TRUE,TRUE,QSVENDIHGLR,0,True,3,_[TMT_Nter]QSVENDIHGLR_,109150.1,157763.5,134777.9,119689.5,112722.6,121441.6,True,6,5.61324726354196e-05
True,All Runs,TMT6Plex,ch_19Jan2017_SM-1-1_Sp-6-2_CID-OT-MS3-Short_HpH_4.raw,KRT18,Homo sapiens,P05783,"Keratin, type I cytoskeletal 18",K1C18_HUMAN,P05783,9.1%,0,TRUE,TRUE,QSVENDIHGLR,0,True,2,_[TMT_Nter]QSVENDIHGLR_,9586.697,10307.11,9281.338,12970.77,8516.194,7670.348,True,6,0
True,All Runs,TMT6Plex,ch_19Jan2017_SM-1-1_Sp-6-2_CID-OT-MS3-Short_HpH_4.raw,KRT18,Homo sapiens,P05783,"Keratin, type I cytoskeletal 18",K1C18_HUMAN,P05783,9.1%,0,TRUE,TRUE,AQYDELAR,0.000629362627302895,True,2,_[TMT_Nter]AQYDELAR_,150402.3,137740.8,133713.5,135841.7,110542.6,102355.3,True,6,0.000765389802092066
True,All Runs,TMT6Plex,ch_19Jan2017_SM-1-1_Sp-6-2_CID-OT-MS3-Short_HpH_4.raw,KRT18,Homo sapiens,P05783,"Keratin, type I cytoskeletal 18",K1C18_HUMAN,P05783,9.1%,0,FALSE,FALSE,ETMQSLNDR,0,True,2,_[TMT_Nter]ETMQSLNDR_,123855.9,191403.4,279848.1,189224.3,134855,141447.2,True,6,0
True,All Runs,TMT6Plex,ch_19Jan2017_SM-1-1_Sp-6-2_CID-OT-MS3-Short_HpH_4.raw,KRT18,Homo sapiens,P05783,"Keratin, type I cytoskeletal 18",K1C18_HUMAN,P05783,9.1%,0,FALSE,FALSE,ETMQSLNDR,0,True,2,_[TMT_Nter]ETMQSLNDR_,37672.2,22953.5,33834.13,30534.53,20727.37,23797.29,True,6,0
True,All Runs,TMT6Plex,ch_19Jan2017_SM-1-1_Sp-6-2_CID-OT-MS3-Short_HpH_4.raw,KRT18,Homo sapiens,P05783,"Keratin, type I cytoskeletal 18",K1C18_HUMAN,P05783,9.1%,0,FALSE,FALSE,ETMQSLNDR,0,True,2,_[TMT_Nter]ETMQSLNDR_,5150.705,2634.82,3207.114,6105.44,5039.543,1696.294,True,6,0.000201338903709669
True,All Runs,TMT6Plex,ch_19Jan2017_SM-1-1_Sp-6-2_CID-OT-MS3-Short_HpH_4.raw,KRT18,Homo sapiens,P05783,"Keratin, type I cytoskeletal 18",K1C18_HUMAN,P05783,9.1%,0,FALSE,FALSE,ETMQSLNDR,0,True,2,_[TMT_Nter]ETMQSLNDR_,2487.293,2633.115,3572.34,2404.584,3722.192,1518.781,False,6,0.00247587932002655
True,All Runs,TMT6Plex,ch_19Jan2017_SM-1-1_Sp-6-2_CID-OT-MS3-Short_HpH_4.raw,KRT18,Homo sapiens,P05783,"Keratin, type I cytoskeletal 18",K1C18_HUMAN,P05783,9.1%,0,TRUE,TRUE,LQLETEIEALK,0,True,2,_[TMT_Nter]LQLETEIEALK[TMT_Lys]_,23679.12,22448.4,30776.82,42129.12,31769.15,12058.07,True,6,0
True,All Runs,TMT6Plex,ch_19Jan2017_SM-1-1_Sp-6-2_CID-OT-MS3-Short_HpH_4.raw,EIF6,Homo sapiens,P56537,Eukaryotic translation initiation factor 6,IF6_HUMAN,P56537,15.5%,0,TRUE,TRUE,TSIEDQDELSSLLQVPLVAGTVNR,0,True,3,_[TMT_Nter]TSIEDQDELSSLLQVPLVAGTVNR_,448.429,396.0532,373.203,464.8591,513.7272,111.3628,True,6,0.00771268640772551
True,All Runs,TMT6Plex,ch_19Jan2017_SM-1-1_Sp-6-2_CID-OT-MS3-Short_HpH_4.raw,EIF6,Homo sapiens,P56537,Eukaryotic translation initiation factor 6,IF6_HUMAN,P56537,15.5%,0,TRUE,TRUE,ASFENNCEIGCFAK,0,True,3,_[TMT_Nter]ASFENNC[Carbamidomethyl (C)]EIGC[Carbamidomethyl (C)]FAK[TMT_Lys]_,8624.578,6365.921,6705.428,8913.602,2308.787,4076.359,True,6,5.61324726354196e-05
True,All Runs,TMT6Plex,ch_19Jan2017_SM-1-1_Sp-6-2_CID-OT-MS3-Short_HpH_4.raw,EIF6,Homo sapiens,P56537,Eukaryotic translation initiation factor 6,IF6_HUMAN,P56537,15.5%,0,TRUE,TRUE,ASFENNCEIGCFAK,0,True,2,_[TMT_Nter]ASFENNC[Carbamidomethyl (C)]EIGC[Carbamidomethyl (C)]FAK[TMT_Lys]_,998.0604,1061.316,1462.075,901.0369,522.1455,984.6299,True,6,0
True,All Runs,TMT6Plex,ch_19Jan2017_SM-1-1_Sp-6-2_CID-OT-MS3-Short_HpH_4.raw,ACO1,Homo sapiens,P21399,Cytoplasmic aconitate hydratase,ACOC_HUMAN,P21399,1.1%,0,TRUE,TRUE,NIEVPFKPAR,0.00105568751649512,True,3,_[TMT_Nter]NIEVPFK[TMT_Lys]PAR_,8796.171,12016.65,13577.45,10099.32,9106.482,7875.201,True,6,0.00739991825671693
True,All Runs,TMT6Plex,ch_19Jan2017_SM-1-1_Sp-6-2_CID-OT-MS3-Short_HpH_5.raw,;CYCS,;Homo sapiens,CONT_CYC_HUMAN;P99999,;Cytochrome c,;CYC_HUMAN,CONT_CYC_HUMAN;P99999,7.7%;7.6%,0,TRUE,FALSE,ADLIAYLK,0,True,2,_[TMT_Nter]ADLIAYLK[TMT_Lys]_,105151.3,118259.4,113459.1,119072.5,130280.2,93297.63,True,6,0
True,All Runs,TMT6Plex,ch_19Jan2017_SM-1-1_Sp-6-2_CID-OT-MS3-Short_HpH_5.raw,KRT18,Homo sapiens,P05783,"Keratin, type I cytoskeletal 18",K1C18_HUMAN,P05783,4.4%,0,TRUE,TRUE,QAQEYEALLNIK,0,True,2,_[TMT_Nter]QAQEYEALLNIK[TMT_Lys]_,135697.9,130690.3,136123.6,90874.23,127201.8,65039.07,True,6,0
True,All Runs,TMT6Plex,ch_19Jan2017_SM-1-1_Sp-6-2_CID-OT-MS3-Short_HpH_5.raw,KRT18,Homo sapiens,P05783,"Keratin, type I cytoskeletal 18",K1C18_HUMAN,P05783,4.4%,0,TRUE,TRUE,QAQEYEALLNIK,0,True,2,_[TMT_Nter]QAQEYEALLNIK[TMT_Lys]_,957.7582,840.9663,696.3064,370.6365,717.1143,357.9559,True,6,0.00155196252715934
True,All Runs,TMT6Plex,ch_19Jan2017_SM-1-1_Sp-6-2_CID-OT-MS3-Short_HpH_5.raw,KRT18,Homo sapiens,P05783,"Keratin, type I cytoskeletal 18",K1C18_HUMAN,P05783,4.4%,0,TRUE,TRUE,QAQEYEALLNIK,0,True,3,_[TMT_Nter]QAQEYEALLNIK[TMT_Lys]_,571952.2,750686.8,570419.4,733788.6,542127.1,423592.5,True,6,0.00144147324449151
True,All Runs,TMT6Plex,ch_19Jan2017_SM-1-1_Sp-6-2_CID-OT-MS3-Short_HpH_5.raw,KRT18,Homo sapiens,P05783,"Keratin, type I cytoskeletal 18",K1C18_HUMAN,P05783,4.4%,0,TRUE,TRUE,QAQEYEALLNIK,0,True,3,_[TMT_Nter]QAQEYEALLNIK[TMT_Lys]_,1255.263,3645.716,3084.559,2110.33,3358.173,1560.661,True,6,0.0031608155386657
True,All Runs,TMT6Plex,ch_19Jan2017_SM-1-1_Sp-6-2_CID-OT-MS3-Short_HpH_5.raw,KRT18,Homo sapiens,P05783,"Keratin, type I cytoskeletal 18",K1C18_HUMAN,P05783,4.4%,0,TRUE,TRUE,NREELDK,0.00404926607052472,True,2,_[TMT_Nter]NREELDK[TMT_Lys]_,17970.89,18098.8,38898,30553.11,29439.93,9067.796,True,6,0.00597983185860235
True,All Runs,TMT6Plex,ch_19Jan2017_SM-1-1_Sp-6-2_CID-OT-MS3-Short_HpH_5.raw,KRT18,Homo sapiens,P05783,"Keratin, type I cytoskeletal 18",K1C18_HUMAN,P05783,4.4%,0,TRUE,TRUE,NREELDK,0.00404926607052472,True,3,_[TMT_Nter]NREELDK[TMT_Lys]_,158896,177139.4,201583.2,162624.6,199527.3,35960.23,True,6,0.00744858970506161
True,All Runs,TMT6Plex,ch_19Jan2017_SM-1-1_Sp-6-2_CID-OT-MS3-Short_HpH_5.raw,EIF6,Homo sapiens,P56537,Eukaryotic translation initiation factor 6,IF6_HUMAN,P56537,9.8%,0,TRUE,TRUE,TSIEDQDELSSLLQVPLVAGTVNR,0,True,3,_[TMT_Nter]TSIEDQDELSSLLQVPLVAGTVNR_,10744.58,9095.364,17835.75,14380.42,21961.4,3309.731,True,6,0
True,All Runs,TMT6Plex,ch_19Jan2017_SM-1-1_Sp-6-2_CID-OT-MS3-Short_HpH_5.raw,EIF6,Homo sapiens,P56537,Eukaryotic translation initiation factor 6,IF6_HUMAN,P56537,9.8%,0,TRUE,TRUE,TSIEDQDELSSLLQVPLVAGTVNR,0,True,2,_[TMT_Nter]TSIEDQDELSSLLQVPLVAGTVNR_,500.9183,111.0194,239.7467,460.9661,877.197,,True,5,0
True,All Runs,TMT6Plex,ch_19Jan2017_SM-1-1_Sp-6-2_CID-OT-MS3-Short_HpH_6.raw,KRT18,Homo sapiens,P05783,"Keratin, type I cytoskeletal 18",K1C18_HUMAN,P05783,14.2%,0,TRUE,TRUE,QAQEYEALLNIK,0,True,3,_[TMT_Nter]QAQEYEALLNIK[TMT_Lys]_,669732.3,537896.4,708996.6,672348,536973.9,228611.5,True,6,0.00296256396444923
True,All Runs,TMT6Plex,ch_19Jan2017_SM-1-1_Sp-6-2_CID-OT-MS3-Short_HpH_6.raw,KRT18,Homo sapiens,P05783,"Keratin, type I cytoskeletal 18",K1C18_HUMAN,P05783,14.2%,0,TRUE,TRUE,QAQEYEALLNIK,0,True,2,_[TMT_Nter]QAQEYEALLNIK[TMT_Lys]_,13830.98,20975.11,8055.463,3761.707,11963.93,,True,5,0
True,All Runs,TMT6Plex,ch_19Jan2017_SM-1-1_Sp-6-2_CID-OT-MS3-Short_HpH_6.raw,KRT18,Homo sapiens,P05783,"Keratin, type I cytoskeletal 18",K1C18_HUMAN,P05783,14.2%,0,TRUE,TRUE,QAQEYEALLNIK,0,True,2,_[TMT_Nter]QAQEYEALLNIK[TMT_Lys]_,459.5229,518.9248,682.1569,791.6555,552.2276,328.5371,True,6,5.61324726354196e-05
True,All Runs,TMT6Plex,ch_19Jan2017_SM-1-1_Sp-6-2_CID-OT-MS3-Short_HpH_6.raw,KRT18,Homo sapiens,P05783,"Keratin, type I cytoskeletal 18",K1C18_HUMAN,P05783,14.2%,0,TRUE,TRUE,NREELDK,0.00404926607052472,True,2,_[TMT_Nter]NREELDK[TMT_Lys]_,8886.567,20858.14,25078.74,6143.304,16661.41,6609.453,True,6,0.00296425881381053
True,All Runs,TMT6Plex,ch_19Jan2017_SM-1-1_Sp-6-2_CID-OT-MS3-Short_HpH_6.raw,KRT18,Homo sapiens,P05783,"Keratin, type I cytoskeletal 18",K1C18_HUMAN,P05783,14.2%,0,TRUE,TRUE,IREHLEK,0.000198649185538339,True,2,_[TMT_Nter]IREHLEK[TMT_Lys]_,2747.319,5478.472,3597.021,3537.023,4800.365,2353.626,True,6,0.000214601485042277
True,All Runs,TMT6Plex,ch_19Jan2017_SM-1-1_Sp-6-2_CID-OT-MS3-Short_HpH_6.raw,KRT18,Homo sapiens,P05783,"Keratin, type I cytoskeletal 18",K1C18_HUMAN,P05783,14.2%,0,TRUE,TRUE,STFSTNYR,0.00245951088217551,True,2,_[TMT_Nter]STFSTNYR_,157501.5,125747.8,114480.4,137449,169270.3,118595.9,True,6,0.0019511927008904
True,All Runs,TMT6Plex,ch_19Jan2017_SM-1-1_Sp-6-2_CID-OT-MS3-Short_HpH_6.raw,KRT18,Homo sapiens,P05783,"Keratin, type I cytoskeletal 18",K1C18_HUMAN,P05783,14.2%,0,TRUE,TRUE,STFSTNYR,0.00245951088217551,True,2,_[TMT_Nter]STFSTNYR_,42059.27,71736.61,62340.84,65720.9,70003.9,55884.26,True,6,0.0019511927008904
True,All Runs,TMT6Plex,ch_19Jan2017_SM-1-1_Sp-6-2_CID-OT-MS3-Short_HpH_6.raw,KRT18,Homo sapiens,P05783,"Keratin, type I cytoskeletal 18",K1C18_HUMAN,P05783,14.2%,0,TRUE,TRUE,GLQAQIASSGLTVEVDAPK,0,True,2,_[TMT_Nter]GLQAQIASSGLTVEVDAPK[TMT_Lys]_,7769.61,18824.93,15896.42,11753.8,17231.15,4642.779,True,6,0
True,All Runs,TMT6Plex,ch_19Jan2017_SM-1-1_Sp-6-2_CID-OT-MS3-Short_HpH_6.raw,KRT18,Homo sapiens,P05783,"Keratin, type I cytoskeletal 18",K1C18_HUMAN,P05783,14.2%,0,TRUE,TRUE,GLQAQIASSGLTVEVDAPK,0,True,2,_[TMT_Nter]GLQAQIASSGLTVEVDAPK[TMT_Lys]_,760.3104,386.0901,414.785,797.4904,433.3281,126.8688,True,6,0
True,All Runs,TMT6Plex,ch_19Jan2017_SM-1-1_Sp-6-2_CID-OT-MS3-Short_HpH_6.raw,KRT18,Homo sapiens,P05783,"Keratin, type I cytoskeletal 18",K1C18_HUMAN,P05783,14.2%,0,TRUE,TRUE,GLQAQIASSGLTVEVDAPK,0,True,3,_[TMT_Nter]GLQAQIASSGLTVEVDAPK[TMT_Lys]_,10014,11065.63,6166.208,11407.04,10245.11,5155.631,True,6,0.00246983457253853
True,All Runs,TMT6Plex,ch_19Jan2017_SM-1-1_Sp-6-2_CID-OT-MS3-Short_HpH_6.raw,KRT18,Homo sapiens,P05783,"Keratin, type I cytoskeletal 18",K1C18_HUMAN,P05783,14.2%,0,TRUE,TRUE,SLETENRR,0.00929997276158605,False,2,_[TMT_Nter]SLETENRR_,2215.556,3708.446,2979.365,3463.544,3033.187,1521.168,True,6,0.00648142065733868
True,All Runs,TMT6Plex,ch_19Jan2017_SM-1-1_Sp-6-2_CID-OT-MS3-Short_HpH_6.raw,;CYCS,;Homo sapiens,CONT_CYC_HUMAN;P99999,;Cytochrome c,;CYC_HUMAN,CONT_CYC_HUMAN;P99999,13.5%;13.3%,0,TRUE,FALSE,TGQAPGYSYTAANK,0,True,2,_[TMT_Nter]TGQAPGYSYTAANK[TMT_Lys]_,5585.652,8270.285,6105.555,5652.266,5661.188,3422.817,True,6,0
True,All Runs,TMT6Plex,ch_19Jan2017_SM-1-1_Sp-6-2_CID-OT-MS3-Short_HpH_7.raw,CDK5,Homo sapiens,Q00535,Cyclin-dependent-like kinase 5,CDK5_HUMAN,Q00535,2.7%,0,TRUE,TRUE,DLLQNLLK,0,True,2,_[TMT_Nter]DLLQNLLK[TMT_Lys]_,13158.64,12430.32,12033.41,14944.78,11528.67,5380.825,True,6,5.61324726354196e-05
True,All Runs,TMT6Plex,ch_19Jan2017_SM-1-1_Sp-6-2_CID-OT-MS3-Short_HpH_7.raw,KRT18,Homo sapiens,P05783,"Keratin, type I cytoskeletal 18",K1C18_HUMAN,P05783,5.8%,0,TRUE,TRUE,VIDDTNITR,0,True,2,_[TMT_Nter]VIDDTNITR_,465821.5,597600.3,519361.5,656081.1,581053.9,417794.8,True,6,0.000214601485042277
True,All Runs,TMT6Plex,ch_19Jan2017_SM-1-1_Sp-6-2_CID-OT-MS3-Short_HpH_7.raw,KRT18,Homo sapiens,P05783,"Keratin, type I cytoskeletal 18",K1C18_HUMAN,P05783,5.8%,0,TRUE,TRUE,VIDDTNITR,0,True,2,_[TMT_Nter]VIDDTNITR_,84480.97,95527.27,120198.8,84373.55,96071.63,50231.64,True,6,0.001034962320903
True,All Runs,TMT6Plex,ch_19Jan2017_SM-1-1_Sp-6-2_CID-OT-MS3-Short_HpH_7.raw,KRT18,Homo sapiens,P05783,"Keratin, type I cytoskeletal 18",K1C18_HUMAN,P05783,5.8%,0,TRUE,TRUE,VIDDTNITR,0,True,2,_[TMT_Nter]VIDDTNITR_,19670.38,15139.67,12546.79,22835.14,15094.48,11220.28,True,6,0.00139656504427408
True,All Runs,TMT6Plex,ch_19Jan2017_SM-1-1_Sp-6-2_CID-OT-MS3-Short_HpH_7.raw,KRT18,Homo sapiens,P05783,"Keratin, type I cytoskeletal 18",K1C18_HUMAN,P05783,5.8%,0,TRUE,TRUE,IREHLEK,0.000198649185538339,True,2,_[TMT_Nter]IREHLEK[TMT_Lys]_,7572.053,9523.392,6365.965,7510.315,9407.527,5480.12,True,6,0.00211213004304468
True,All Runs,TMT6Plex,ch_19Jan2017_SM-1-1_Sp-6-2_CID-OT-MS3-Short_HpH_7.raw,KRT18,Homo sapiens,P05783,"Keratin, type I cytoskeletal 18",K1C18_HUMAN,P05783,5.8%,0,TRUE,TRUE,IREHLEK,0.000198649185538339,True,3,_[TMT_Nter]IREHLEK[TMT_Lys]_,146671.2,154713.2,95559.78,205831.2,157912.3,39124.23,True,6,0.00526614459198729
True,All Runs,TMT6Plex,ch_19Jan2017_SM-1-1_Sp-6-2_CID-OT-MS3-Short_HpH_7.raw,KRT18,Homo sapiens,P05783,"Keratin, type I cytoskeletal 18",K1C18_HUMAN,P05783,5.8%,0,TRUE,TRUE,YETELAMR,0.00249826509368494,True,2,_[TMT_Nter]YETELAMR_,212200.9,221475.2,207290.5,205047.1,116016.2,108621.2,True,6,0.00197357601008717
True,All Runs,TMT6Plex,ch_19Jan2017_SM-1-1_Sp-6-2_CID-OT-MS3-Short_HpH_7.raw,KRT18,Homo sapiens,P05783,"Keratin, type I cytoskeletal 18",K1C18_HUMAN,P05783,5.8%,0,TRUE,TRUE,KVIDDTNITR,0,True,2,_[TMT_Nter]K[TMT_Lys]VIDDTNITR_,9129.097,14178.31,11029.53,10961.43,13699.4,5401.539,True,6,5.61324726354196e-05
True,All Runs,TMT6Plex,ch_19Jan2017_SM-1-1_Sp-6-2_CID-OT-MS3-Short_HpH_7.raw,;CYCS,;Homo sapiens,CONT_CYC_HUMAN;P99999,;Cytochrome c,;CYC_HUMAN,CONT_CYC_HUMAN;P99999,13.5%;13.3%,0,TRUE,FALSE,TGQAPGYSYTAANK,0,True,2,_[TMT_Nter]TGQAPGYSYTAANK[TMT_Lys]_,21228.6,20437.81,27466.84,21492.42,18253.26,5231.321,True,6,0
True,All Runs,TMT6Plex,ch_19Jan2017_SM-1-1_Sp-6-2_CID-OT-MS3-Short_HpH_8.raw,KRT18,Homo sapiens,P05783,"Keratin, type I cytoskeletal 18",K1C18_HUMAN,P05783,10.9%,0,TRUE,TRUE,VIDDTNITR,0,True,2,_[TMT_Nter]VIDDTNITR_,51020.89,75093.79,76116.95,100815.3,85096.19,61344.14,True,6,0
True,All Runs,TMT6Plex,ch_19Jan2017_SM-1-1_Sp-6-2_CID-OT-MS3-Short_HpH_8.raw,KRT18,Homo sapiens,P05783,"Keratin, type I cytoskeletal 18",K1C18_HUMAN,P05783,10.9%,0,TRUE,TRUE,PVSSAASVYAGAGGSGSR,0,True,3,_[TMT_Nter]PVSSAASVYAGAGGSGSR_,77205.49,104844.7,92257.42,122246.3,104667.5,71716.2,True,6,0
True,All Runs,TMT6Plex,ch_19Jan2017_SM-1-1_Sp-6-2_CID-OT-MS3-Short_HpH_8.raw,KRT18,Homo sapiens,P05783,"Keratin, type I cytoskeletal 18",K1C18_HUMAN,P05783,10.9%,0,TRUE,TRUE,PVSSAASVYAGAGGSGSR,0,True,3,_[TMT_Nter]PVSSAASVYAGAGGSGSR_,55705.32,87454.68,106404.2,114510.4,94502.95,35595.47,True,6,0.000244269836746326
True,All Runs,TMT6Plex,ch_19Jan2017_SM-1-1_Sp-6-2_CID-OT-MS3-Short_HpH_8.raw,KRT18,Homo sapiens,P05783,"Keratin, type I cytoskeletal 18",K1C18_HUMAN,P05783,10.9%,0,TRUE,TRUE,PVSSAASVYAGAGGSGSR,0,True,2,_[TMT_Nter]PVSSAASVYAGAGGSGSR_,3557.43,4091.814,3132.712,7359.875,7117.774,3756.859,True,6,0
True,All Runs,TMT6Plex,ch_19Jan2017_SM-1-1_Sp-6-2_CID-OT-MS3-Short_HpH_8.raw,KRT18,Homo sapiens,P05783,"Keratin, type I cytoskeletal 18",K1C18_HUMAN,P05783,10.9%,0,TRUE,TRUE,PVSSAASVYAGAGGSGSR,0,True,2,_[TMT_Nter]PVSSAASVYAGAGGSGSR_,2885.044,1710.556,3239.041,4757.909,6241.212,,True,5,0
True,All Runs,TMT6Plex,ch_19Jan2017_SM-1-1_Sp-6-2_CID-OT-MS3-Short_HpH_8.raw,KRT18,Homo sapiens,P05783,"Keratin, type I cytoskeletal 18",K1C18_HUMAN,P05783,10.9%,0,TRUE,TRUE,PVSSAASVYAGAGGSGSR,0,True,2,_[TMT_Nter]PVSSAASVYAGAGGSGSR_,527.4536,939.3479,603.4596,702.3439,403.5558,629.0261,True,6,0
True,All Runs,TMT6Plex,ch_19Jan2017_SM-1-1_Sp-6-2_CID-OT-MS3-Short_HpH_8.raw,KRT18,Homo sapiens,P05783,"Keratin, type I cytoskeletal 18",K1C18_HUMAN,P05783,10.9%,0,TRUE,TRUE,PVSSAASVYAGAGGSGSR,0,True,2,_[TMT_Nter]PVSSAASVYAGAGGSGSR_,57.45084,257.2198,64.72819,302.2527,139.2539,200.5945,False,6,0
True,All Runs,TMT6Plex,ch_19Jan2017_SM-1-1_Sp-6-2_CID-OT-MS3-Short_HpH_8.raw,KRT18,Homo sapiens,P05783,"Keratin, type I cytoskeletal 18",K1C18_HUMAN,P05783,10.9%,0,TRUE,TRUE,PVSSAASVYAGAGGSGSR,0,True,2,_[TMT_Nter]PVSSAASVYAGAGGSGSR_,352.0605,163.026,469.5099,444.3774,230.0191,269.5663,False,6,0
True,All Runs,TMT6Plex,ch_19Jan2017_SM-1-1_Sp-6-2_CID-OT-MS3-Short_HpH_8.raw,KRT18,Homo sapiens,P05783,"Keratin, type I cytoskeletal 18",K1C18_HUMAN,P05783,10.9%,0,TRUE,TRUE,SLGSVQAPSYGAR,0,True,2,_[TMT_Nter]SLGSVQAPSYGAR_,90452.31,150316.2,106487.5,148445.3,63527.22,93874.13,True,6,0
True,All Runs,TMT6Plex,ch_19Jan2017_SM-1-1_Sp-6-2_CID-OT-MS3-Short_HpH_8.raw,KRT18,Homo sapiens,P05783,"Keratin, type I cytoskeletal 18",K1C18_HUMAN,P05783,10.9%,0,TRUE,TRUE,SLGSVQAPSYGAR,0,True,2,_[TMT_Nter]SLGSVQAPSYGAR_,7932.773,13688.94,19595.33,11153.25,9592.887,6499.196,True,6,5.61324726354196e-05
True,All Runs,TMT6Plex,ch_19Jan2017_SM-1-1_Sp-6-2_CID-OT-MS3-Short_HpH_8.raw,KRT18,Homo sapiens,P05783,"Keratin, type I cytoskeletal 18",K1C18_HUMAN,P05783,10.9%,0,TRUE,TRUE,SLGSVQAPSYGAR,0,True,2,_[TMT_Nter]SLGSVQAPSYGAR_,10.68089,28.98576,34.10632,20.71474,25.56736,10.55861,True,6,0.000214601485042277
True,All Runs,TMT6Plex,ch_19Jan2017_SM-1-1_Sp-6-2_CID-OT-MS3-Short_HpH_8.raw,KRT18,Homo sapiens,P05783,"Keratin, type I cytoskeletal 18",K1C18_HUMAN,P05783,10.9%,0,TRUE,TRUE,SLGSVQAPSYGAR,0,True,2,_[TMT_Nter]SLGSVQAPSYGAR_,16.05182,34.338,22.77292,37.58137,13.20101,7.852221,False,6,0.000337622388115692
True,All Runs,TMT6Plex,ch_19Jan2017_SM-1-1_Sp-6-2_CID-OT-MS3-Short_HpH_8.raw,KRT18,Homo sapiens,P05783,"Keratin, type I cytoskeletal 18",K1C18_HUMAN,P05783,10.9%,0,TRUE,TRUE,SLGSVQAPSYGAR,0,True,2,_[TMT_Nter]SLGSVQAPSYGAR_,23.40159,27.32697,14.24364,19.9236,23.61757,29.34478,False,6,0.000337622388115692
True,All Runs,TMT6Plex,ch_19Jan2017_SM-1-1_Sp-6-2_CID-OT-MS3-Short_HpH_8.raw,KRT18,Homo sapiens,P05783,"Keratin, type I cytoskeletal 18",K1C18_HUMAN,P05783,10.9%,0,TRUE,TRUE,SLGSVQAPSYGAR,0,True,2,_[TMT_Nter]SLGSVQAPSYGAR_,22.06922,18.3222,36.66881,25.02959,16.66071,18.60102,False,6,0.000337622388115692
True,All Runs,TMT6Plex,ch_19Jan2017_SM-1-1_Sp-6-2_CID-OT-MS3-Short_HpH_8.raw,KRT18,Homo sapiens,P05783,"Keratin, type I cytoskeletal 18",K1C18_HUMAN,P05783,10.9%,0,TRUE,TRUE,SLGSVQAPSYGAR,0,True,2,_[TMT_Nter]SLGSVQAPSYGAR_,1238.269,1474.281,1835.535,624.5607,1052.975,981.4089,False,6,0.00093315822216078
True,All Runs,TMT6Plex,ch_19Jan2017_SM-1-1_Sp-6-2_CID-OT-MS3-Short_HpH_8.raw,KRT18,Homo sapiens,P05783,"Keratin, type I cytoskeletal 18",K1C18_HUMAN,P05783,10.9%,0,TRUE,TRUE,SLGSVQAPSYGAR,0,True,2,_[TMT_Nter]SLGSVQAPSYGAR_,25.22752,6.254114,30.66671,11.95659,24.15158,,False,5,0.00093315822216078
True,All Runs,TMT6Plex,ch_19Jan2017_SM-1-1_Sp-6-2_CID-OT-MS3-Short_HpH_8.raw,KRT18,Homo sapiens,P05783,"Keratin, type I cytoskeletal 18",K1C18_HUMAN,P05783,10.9%,0,TRUE,TRUE,SLGSVQAPSYGAR,0,True,2,_[TMT_Nter]SLGSVQAPSYGAR_,21.79186,10.23153,23.2809,27.11263,20.17614,6.598945,False,6,0.000964673009114497
True,All Runs,TMT6Plex,ch_19Jan2017_SM-1-1_Sp-6-2_CID-OT-MS3-Short_HpH_8.raw,KRT18,Homo sapiens,P05783,"Keratin, type I cytoskeletal 18",K1C18_HUMAN,P05783,10.9%,0,TRUE,TRUE,SLGSVQAPSYGAR,0,True,2,_[TMT_Nter]SLGSVQAPSYGAR_,30.68546,30.59097,31.35117,22.17159,16.76045,20.31668,False,6,0.00150431425976385
True,All Runs,TMT6Plex,ch_19Jan2017_SM-1-1_Sp-6-2_CID-OT-MS3-Short_HpH_8.raw,KRT18,Homo sapiens,P05783,"Keratin, type I cytoskeletal 18",K1C18_HUMAN,P05783,10.9%,0,TRUE,TRUE,SLGSVQAPSYGAR,0,True,2,_[TMT_Nter]SLGSVQAPSYGAR_,969.0451,1091.105,1192.161,1406.275,1082.503,961.9913,False,6,0.00157524613220816
True,All Runs,TMT6Plex,ch_19Jan2017_SM-1-1_Sp-6-2_CID-OT-MS3-Short_HpH_8.raw,KRT18,Homo sapiens,P05783,"Keratin, type I cytoskeletal 18",K1C18_HUMAN,P05783,10.9%,0,TRUE,TRUE,SLGSVQAPSYGAR,0,True,2,_[TMT_Nter]SLGSVQAPSYGAR_,22.66984,31.02045,21.86534,21.27408,21.23005,13.56947,False,6,0.00274238986811598
True,All Runs,TMT6Plex,ch_19Jan2017_SM-1-1_Sp-6-2_CID-OT-MS3-Short_HpH_8.raw,KRT18,Homo sapiens,P05783,"Keratin, type I cytoskeletal 18",K1C18_HUMAN,P05783,10.9%,0,TRUE,TRUE,SLGSVQAPSYGAR,0,True,2,_[TMT_Nter]SLGSVQAPSYGAR_,11.9579,26.89209,31.95425,16.28534,3.562891,21.57756,False,6,0.00274238986811598
True,All Runs,TMT6Plex,ch_19Jan2017_SM-1-1_Sp-6-2_CID-OT-MS3-Short_HpH_8.raw,KRT18,Homo sapiens,P05783,"Keratin, type I cytoskeletal 18",K1C18_HUMAN,P05783,10.9%,0,TRUE,TRUE,SLGSVQAPSYGAR,0,True,2,_[TMT_Nter]SLGSVQAPSYGAR_,12.92133,15.31271,30.50431,20.14224,11.97209,5.157599,False,6,0.00296425881381053
True,All Runs,TMT6Plex,ch_19Jan2017_SM-1-1_Sp-6-2_CID-OT-MS3-Short_HpH_8.raw,KRT18,Homo sapiens,P05783,"Keratin, type I cytoskeletal 18",K1C18_HUMAN,P05783,10.9%,0,TRUE,TRUE,SLGSVQAPSYGAR,0,True,2,_[TMT_Nter]SLGSVQAPSYGAR_,10.73862,5.200095,14.02078,6.304446,9.456798,4.89801,False,6,0.00391779664993197
True,All Runs,TMT6Plex,ch_19Jan2017_SM-1-1_Sp-6-2_CID-OT-MS3-Short_HpH_8.raw,KRT18,Homo sapiens,P05783,"Keratin, type I cytoskeletal 18",K1C18_HUMAN,P05783,10.9%,0,TRUE,TRUE,EELLFMK,0,True,2,_[TMT_Nter]EELLFMK[TMT_Lys]_,13107.49,22312.57,24686.51,26125.64,21828.69,19236.65,True,6,5.61324726354196e-05
True,All Runs,TMT6Plex,ch_19Jan2017_SM-1-1_Sp-6-2_CID-OT-MS3-Short_HpH_8.raw,ACO1,Homo sapiens,P21399,Cytoplasmic aconitate hydratase,ACOC_HUMAN,P21399,2.4%,0,TRUE,TRUE,VAVSDMK,0.00196261682242991,True,2,_[TMT_Nter]VAVSDMK[TMT_Lys]_,29307.28,51301.75,61632.89,37170.28,40294.39,20406.84,True,6,0.00163557231170127
True,All Runs,TMT6Plex,ch_19Jan2017_SM-1-1_Sp-6-2_CID-OT-MS3-Short_HpH_8.raw,ACO1,Homo sapiens,P21399,Cytoplasmic aconitate hydratase,ACOC_HUMAN,P21399,2.4%,0,TRUE,TRUE,YTIIIPENLKPQMK,0.00129225679727075,True,3,_[TMT_Nter]YTIIIPENLK[TMT_Lys]PQMK[TMT_Lys]_,15388.05,12106.99,12402.8,15485.15,10055.24,11461.09,True,6,0.00116528092718569
True,All Runs,TMT6Plex,ch_19Jan2017_SM-1-1_Sp-6-2_CID-OT-MS3-Short_HpH_9.raw,KRT18,Homo sapiens,P05783,"Keratin, type I cytoskeletal 18",K1C18_HUMAN,P05783,21.9%,0,TRUE,TRUE,VVSETNDTK,0,True,2,_[TMT_Nter]VVSETNDTK[TMT_Lys]_,23823.91,39521.99,34266.5,48520.12,37856.43,24170.1,True,6,0.000214601485042277
True,All Runs,TMT6Plex,ch_19Jan2017_SM-1-1_Sp-6-2_CID-OT-MS3-Short_HpH_9.raw,KRT18,Homo sapiens,P05783,"Keratin, type I cytoskeletal 18",K1C18_HUMAN,P05783,21.9%,0,TRUE,TRUE,LLEDGEDFNLGDALDSSNSMQTIQK,0,True,3,_[TMT_Nter]LLEDGEDFNLGDALDSSNSM[Oxidation (M)]QTIQK[TMT_Lys]_,1633.209,2096.729,3695.918,2744.36,3543.959,1341.745,True,6,0
True,All Runs,TMT6Plex,ch_19Jan2017_SM-1-1_Sp-6-2_CID-OT-MS3-Short_HpH_9.raw,KRT18,Homo sapiens,P05783,"Keratin, type I cytoskeletal 18",K1C18_HUMAN,P05783,21.9%,0,TRUE,TRUE,PVSSAASVYAGAGGSGSR,0,True,3,_[TMT_Nter]PVSSAASVYAGAGGSGSR_,27366.13,32194.16,30059.27,41024.31,45019.51,14406.64,True,6,0.00116761407282225
True,All Runs,TMT6Plex,ch_19Jan2017_SM-1-1_Sp-6-2_CID-OT-MS3-Short_HpH_9.raw,KRT18,Homo sapiens,P05783,"Keratin, type I cytoskeletal 18",K1C18_HUMAN,P05783,21.9%,0,TRUE,TRUE,PVSSAASVYAGAGGSGSR,0,True,2,_[TMT_Nter]PVSSAASVYAGAGGSGSR_,1842.827,3363.218,1594.295,2371.974,1874.258,890.7874,True,6,0
True,All Runs,TMT6Plex,ch_19Jan2017_SM-1-1_Sp-6-2_CID-OT-MS3-Short_HpH_9.raw,KRT18,Homo sapiens,P05783,"Keratin, type I cytoskeletal 18",K1C18_HUMAN,P05783,21.9%,0,TRUE,TRUE,PVSSAASVYAGAGGSGSR,0,True,2,_[TMT_Nter]PVSSAASVYAGAGGSGSR_,2802.4,4562.554,2331.331,1934.406,1902.105,1249.583,True,6,0
True,All Runs,TMT6Plex,ch_19Jan2017_SM-1-1_Sp-6-2_CID-OT-MS3-Short_HpH_9.raw,KRT18,Homo sapiens,P05783,"Keratin, type I cytoskeletal 18",K1C18_HUMAN,P05783,21.9%,0,TRUE,TRUE,GGMGSGGLATGIAGGLAGMGGIQNEK,0,True,3,_[TMT_Nter]GGMGSGGLATGIAGGLAGM[Oxidation (M)]GGIQNEK[TMT_Lys]_,2421.671,4472.534,5255.377,5928.796,6490.927,1650.414,True,6,0
True,All Runs,TMT6Plex,ch_19Jan2017_SM-1-1_Sp-6-2_CID-OT-MS3-Short_HpH_9.raw,KRT18,Homo sapiens,P05783,"Keratin, type I cytoskeletal 18",K1C18_HUMAN,P05783,21.9%,0,TRUE,TRUE,GGMGSGGLATGIAGGLAGMGGIQNEK,0,True,3,_[TMT_Nter]GGM[Oxidation (M)]GSGGLATGIAGGLAGMGGIQNEK[TMT_Lys]_,1241.421,2453.575,2123.162,3505.21,2412.688,987.0116,True,6,0
True,All Runs,TMT6Plex,ch_19Jan2017_SM-1-1_Sp-6-2_CID-OT-MS3-Short_HpH_9.raw,KRT18,Homo sapiens,P05783,"Keratin, type I cytoskeletal 18",K1C18_HUMAN,P05783,21.9%,0,TRUE,TRUE,GGMGSGGLATGIAGGLAGMGGIQNEKETMQSLNDR,0,True,4,_[TMT_Nter]GGMGSGGLATGIAGGLAGMGGIQNEK[TMT_Lys]ETMQSLNDR_,3619.968,5811.533,2646.246,5303.364,3082.51,2846.688,True,6,0
True,All Runs,TMT6Plex,ch_19Jan2017_SM-1-1_Sp-6-2_CID-OT-MS3-Short_HpH_9.raw,KRT18,Homo sapiens,P05783,"Keratin, type I cytoskeletal 18",K1C18_HUMAN,P05783,21.9%,0,TRUE,TRUE,LASYLDR,0.00259917920656635,False,2,_[TMT_Nter]LASYLDR_,165167.3,136953.2,151093.3,190645.6,176485.8,86315.25,True,6,0.00207334805320696
True,All Runs,TMT6Plex,ch_19Jan2017_SM-1-1_Sp-6-2_CID-OT-MS3-Short_HpH_9.raw,KRT18,Homo sapiens,P05783,"Keratin, type I cytoskeletal 18",K1C18_HUMAN,P05783,21.9%,0,TRUE,TRUE,LASYLDR,0.00259917920656635,False,2,_[TMT_Nter]LASYLDR_,47998.14,60651.42,63397.43,77095.2,46270.61,60094.23,True,6,0.00904996159993358
True,All Runs,TMT6Plex,ch_19Jan2017_SM-1-1_Sp-6-2_CID-OT-MS3-Short_HpH_9.raw,ACO1,Homo sapiens,P21399,Cytoplasmic aconitate hydratase,ACOC_HUMAN,P21399,1.6%,0,TRUE,TRUE,YQQAGLPLIVLAGK,0,True,2,_[TMT_Nter]YQQAGLPLIVLAGK[TMT_Lys]_,3532.373,4671.488,3865.846,3554.709,2787.649,1431.223,True,6,0
True,All Runs,TMT6Plex,ch_19Jan2017_SM-1-1_Sp-6-2_CID-OT-MS3-Short_HpH_9.raw,ACO1,Homo sapiens,P21399,Cytoplasmic aconitate hydratase,ACOC_HUMAN,P21399,1.6%,0,TRUE,TRUE,YQQAGLPLIVLAGK,0,True,2,_[TMT_Nter]YQQAGLPLIVLAGK[TMT_Lys]_,2133.525,5097.061,4499.425,3106.765,3516.322,1640.676,True,6,0
True,All Runs,TMT6Plex,ch_19Jan2017_SM-1-1_Sp-6-2_CID-OT-MS3-Short_HpH_10.raw,KRT18,Homo sapiens,P05783,"Keratin, type I cytoskeletal 18",K1C18_HUMAN,P05783,16.7%,0,TRUE,TRUE,VVSETNDTK,0,True,2,_[TMT_Nter]VVSETNDTK[TMT_Lys]_,437479.7,497785.9,628342,556771.6,459811.9,260436.7,True,6,5.61324726354196e-05
True,All Runs,TMT6Plex,ch_19Jan2017_SM-1-1_Sp-6-2_CID-OT-MS3-Short_HpH_10.raw,KRT18,Homo sapiens,P05783,"Keratin, type I cytoskeletal 18",K1C18_HUMAN,P05783,16.7%,0,TRUE,TRUE,VVSETNDTK,0,True,2,_[TMT_Nter]VVSETNDTK[TMT_Lys]_,50461.06,70569.13,87672.96,83776.85,65289.47,35553.3,True,6,0.000201338903709669
True,All Runs,TMT6Plex,ch_19Jan2017_SM-1-1_Sp-6-2_CID-OT-MS3-Short_HpH_10.raw,KRT18,Homo sapiens,P05783,"Keratin, type I cytoskeletal 18",K1C18_HUMAN,P05783,16.7%,0,TRUE,TRUE,VVSETNDTK,0,True,2,_[TMT_Nter]VVSETNDTK[TMT_Lys]_,7912.805,9386.261,8863.069,14453.11,8268.167,4738.607,True,6,0.000214601485042277
True,All Runs,TMT6Plex,ch_19Jan2017_SM-1-1_Sp-6-2_CID-OT-MS3-Short_HpH_10.raw,KRT18,Homo sapiens,P05783,"Keratin, type I cytoskeletal 18",K1C18_HUMAN,P05783,16.7%,0,TRUE,TRUE,VVSETNDTK,0,True,2,_[TMT_Nter]VVSETNDTK[TMT_Lys]_,7537.636,8555.151,7800.769,9133.326,6729.076,4501.388,False,6,0.000214601485042277
True,All Runs,TMT6Plex,ch_19Jan2017_SM-1-1_Sp-6-2_CID-OT-MS3-Short_HpH_10.raw,KRT18,Homo sapiens,P05783,"Keratin, type I cytoskeletal 18",K1C18_HUMAN,P05783,16.7%,0,TRUE,TRUE,VVSETNDTK,0,True,2,_[TMT_Nter]VVSETNDTK[TMT_Lys]_,4716.401,7709.171,7815.416,6094.113,8748.784,5253.117,False,6,0.000990752972258917
True,All Runs,TMT6Plex,ch_19Jan2017_SM-1-1_Sp-6-2_CID-OT-MS3-Short_HpH_10.raw,KRT18,Homo sapiens,P05783,"Keratin, type I cytoskeletal 18",K1C18_HUMAN,P05783,16.7%,0,TRUE,TRUE,VVSETNDTK,0,True,2,_[TMT_Nter]VVSETNDTK[TMT_Lys]_,4588.963,4747.229,6022.146,6758.03,8631.647,3467.877,False,6,0.00351011246686884
True,All Runs,TMT6Plex,ch_19Jan2017_SM-1-1_Sp-6-2_CID-OT-MS3-Short_HpH_10.raw,KRT18,Homo sapiens,P05783,"Keratin, type I cytoskeletal 18",K1C18_HUMAN,P05783,16.7%,0,TRUE,TRUE,NHEEEVK,0,True,3,_[TMT_Nter]NHEEEVK[TMT_Lys]_,239479.7,270143.9,273437.8,354994.8,365173.7,69566.67,True,6,0.00150431425976385
True,All Runs,TMT6Plex,ch_19Jan2017_SM-1-1_Sp-6-2_CID-OT-MS3-Short_HpH_10.raw,KRT18,Homo sapiens,P05783,"Keratin, type I cytoskeletal 18",K1C18_HUMAN,P05783,16.7%,0,TRUE,TRUE,NHEEEVK,0,True,2,_[TMT_Nter]NHEEEVK[TMT_Lys]_,2542.535,3787.37,3972.649,7022.167,5146.22,1195.168,True,6,5.61324726354196e-05
True,All Runs,TMT6Plex,ch_19Jan2017_SM-1-1_Sp-6-2_CID-OT-MS3-Short_HpH_10.raw,KRT18,Homo sapiens,P05783,"Keratin, type I cytoskeletal 18",K1C18_HUMAN,P05783,16.7%,0,TRUE,TRUE,NHEEEVK,0,True,2,_[TMT_Nter]NHEEEVK[TMT_Lys]_,625.4446,623.3531,1083.09,861.0594,783.7742,266.1556,True,6,0.00163557231170127
True,All Runs,TMT6Plex,ch_19Jan2017_SM-1-1_Sp-6-2_CID-OT-MS3-Short_HpH_10.raw,KRT18,Homo sapiens,P05783,"Keratin, type I cytoskeletal 18",K1C18_HUMAN,P05783,16.7%,0,TRUE,TRUE,LEAEIATYR,0.000198649185538339,True,2,_[TMT_Nter]LEAEIATYR_,44410.38,55055.11,52476.16,46513.88,36085.72,32917.02,True,6,0.000214601485042277
True,All Runs,TMT6Plex,ch_19Jan2017_SM-1-1_Sp-6-2_CID-OT-MS3-Short_HpH_10.raw,KRT18,Homo sapiens,P05783,"Keratin, type I cytoskeletal 18",K1C18_HUMAN,P05783,16.7%,0,TRUE,TRUE,LEAEIATYR,0.000198649185538339,True,2,_[TMT_Nter]LEAEIATYR_,235599.4,284325.4,75939.97,282973.2,284336.8,150433.3,True,6,0.001034962320903
True,All Runs,TMT6Plex,ch_19Jan2017_SM-1-1_Sp-6-2_CID-OT-MS3-Short_HpH_10.raw,KRT18,Homo sapiens,P05783,"Keratin, type I cytoskeletal 18",K1C18_HUMAN,P05783,16.7%,0,TRUE,TRUE,LEAEIATYR,0.000198649185538339,True,2,_[TMT_Nter]LEAEIATYR_,15674.24,20405.81,15164.69,13692.38,9132.791,8683.095,True,6,0.001034962320903
True,All Runs,TMT6Plex,ch_19Jan2017_SM-1-1_Sp-6-2_CID-OT-MS3-Short_HpH_10.raw,KRT18,Homo sapiens,P05783,"Keratin, type I cytoskeletal 18",K1C18_HUMAN,P05783,16.7%,0,TRUE,TRUE,LEAEIATYR,0.000198649185538339,True,2,_[TMT_Nter]LEAEIATYR_,39.7558,35.01235,60.96762,50.4349,50.49731,17.35295,False,6,0.00427330577360769
True,All Runs,TMT6Plex,ch_19Jan2017_SM-1-1_Sp-6-2_CID-OT-MS3-Short_HpH_10.raw,KRT18,Homo sapiens,P05783,"Keratin, type I cytoskeletal 18",K1C18_HUMAN,P05783,16.7%,0,TRUE,TRUE,LEAEIATYR,0.000198649185538339,True,2,_[TMT_Nter]LEAEIATYR_,5087.75,12564.82,14882.69,13244.89,12344.21,8471.532,False,6,0.00811096992799661
True,All Runs,TMT6Plex,ch_19Jan2017_SM-1-1_Sp-6-2_CID-OT-MS3-Short_HpH_10.raw,KRT18,Homo sapiens,P05783,"Keratin, type I cytoskeletal 18",K1C18_HUMAN,P05783,16.7%,0,TRUE,TRUE,GGMGSGGLATGIAGGLAGMGGIQNEKETMQSLNDR,0,True,4,_[TMT_Nter]GGMGSGGLATGIAGGLAGMGGIQNEK[TMT_Lys]ETMQSLNDR_,3541.481,4718.753,2322.717,4169.961,3373.589,2314.74,True,6,0.00236170882754277
True,All Runs,TMT6Plex,ch_19Jan2017_SM-1-1_Sp-6-2_CID-OT-MS3-Short_HpH_10.raw,KRT18,Homo sapiens,P05783,"Keratin, type I cytoskeletal 18",K1C18_HUMAN,P05783,16.7%,0,TRUE,TRUE,AQIFANTVDNAR,0,True,2,_[TMT_Nter]AQIFANTVDNAR_,93242.36,150627.3,111821.4,165499.9,162254.2,112321.7,True,6,0
True,All Runs,TMT6Plex,ch_19Jan2017_SM-1-1_Sp-6-2_CID-OT-MS3-Short_HpH_10.raw,ACO1,Homo sapiens,P21399,Cytoplasmic aconitate hydratase,ACOC_HUMAN,P21399,1.1%,0,TRUE,TRUE,TVVPCCSGPK,0.0038781163434903,True,2,_[TMT_Nter]TVVPC[Carbamidomethyl (C)]C[Carbamidomethyl (C)]SGPK[TMT_Lys]_,24879.93,20316.48,25990.33,24864.9,24343.4,9585.547,True,6,0.00283021189673418
True,All Runs,TMT6Plex,ch_19Jan2017_SM-1-1_Sp-6-2_CID-OT-MS3-Short_HpH_11.raw,ACO1,Homo sapiens,P21399,Cytoplasmic aconitate hydratase,ACOC_HUMAN,P21399,1.8%,0,TRUE,TRUE,QVGVVGK,0.00459885446716,True,2,_[TMT_Nter]QVGVVGK[TMT_Lys]_,12009.58,13125.03,11930.72,14787.13,16378.12,8502.471,True,6,0.00334022204065939
True,All Runs,TMT6Plex,ch_19Jan2017_SM-1-1_Sp-6-2_CID-OT-MS3-Short_HpH_11.raw,ACO1,Homo sapiens,P21399,Cytoplasmic aconitate hydratase,ACOC_HUMAN,P21399,1.8%,0,TRUE,TRUE,AVLAESYER,0.000198649185538339,True,2,_[TMT_Nter]AVLAESYER_,18018.77,21885.49,19218.11,4130.369,15720.07,9502.429,True,6,0.000214601485042277
True,All Runs,TMT6Plex,ch_19Jan2017_SM-1-1_Sp-6-2_CID-OT-MS3-Short_HpH_11.raw,CDK5,Homo sapiens,Q00535,Cyclin-dependent-like kinase 5,CDK5_HUMAN,Q00535,3.8%,0,TRUE,TRUE,IGEGTYGTVFK,0.000198649185538339,True,2,_[TMT_Nter]IGEGTYGTVFK[TMT_Lys]_,2177.507,6147.766,1838.086,3921.814,726.1462,3485.9,True,6,0.000214601485042277
True,All Runs,TMT6Plex,ch_19Jan2017_SM-1-1_Sp-6-2_CID-OT-MS3-Short_HpH_11.raw,KRT18,Homo sapiens,P05783,"Keratin, type I cytoskeletal 18",K1C18_HUMAN,P05783,18.8%,0,TRUE,TRUE,LLEDGEDFNLGDALDSSNSMQTIQK,0,True,3,_[TMT_Nter]LLEDGEDFNLGDALDSSNSMQTIQK[TMT_Lys]_,3665.868,31239.05,17245.03,24844.23,26851.6,3978.171,True,6,0
True,All Runs,TMT6Plex,ch_19Jan2017_SM-1-1_Sp-6-2_CID-OT-MS3-Short_HpH_11.raw,KRT18,Homo sapiens,P05783,"Keratin, type I cytoskeletal 18",K1C18_HUMAN,P05783,18.8%,0,TRUE,TRUE,LLEDGEDFNLGDALDSSNSMQTIQK,0,True,3,_[TMT_Nter]LLEDGEDFNLGDALDSSNSMQTIQK[TMT_Lys]_,5.970666,,3.384192,10.84877,,,True,3,0.00267928685897436
True,All Runs,TMT6Plex,ch_19Jan2017_SM-1-1_Sp-6-2_CID-OT-MS3-Short_HpH_11.raw,KRT18,Homo sapiens,P05783,"Keratin, type I cytoskeletal 18",K1C18_HUMAN,P05783,18.8%,0,TRUE,TRUE,LLEDGEDFNLGDALDSSNSMQTIQK,0,True,3,_[TMT_Nter]LLEDGEDFNLGDALDSSNSM[Oxidation (M)]QTIQK[TMT_Lys]_,4735.611,4115.086,1909.232,5343.968,1806.823,1979.001,True,6,0
True,All Runs,TMT6Plex,ch_19Jan2017_SM-1-1_Sp-6-2_CID-OT-MS3-Short_HpH_11.raw,KRT18,Homo sapiens,P05783,"Keratin, type I cytoskeletal 18",K1C18_HUMAN,P05783,18.8%,0,TRUE,TRUE,LLEDGEDFNLGDALDSSNSMQTIQK,0,True,3,_[TMT_Nter]LLEDGEDFNLGDALDSSNSM[Oxidation (M)]QTIQK[TMT_Lys]_,506.8937,300.5712,698.4828,329.937,312.8754,88.43082,True,6,0
True,All Runs,TMT6Plex,ch_19Jan2017_SM-1-1_Sp-6-2_CID-OT-MS3-Short_HpH_11.raw,KRT18,Homo sapiens,P05783,"Keratin, type I cytoskeletal 18",K1C18_HUMAN,P05783,18.8%,0,TRUE,TRUE,LLEDGEDFNLGDALDSSNSMQTIQK,0,True,4,_[TMT_Nter]LLEDGEDFNLGDALDSSNSM[Oxidation (M)]QTIQK[TMT_Lys]_,9737.12,9288.309,8446.659,5376.649,4098.926,3225.969,True,6,0
True,All Runs,TMT6Plex,ch_19Jan2017_SM-1-1_Sp-6-2_CID-OT-MS3-Short_HpH_11.raw,KRT18,Homo sapiens,P05783,"Keratin, type I cytoskeletal 18",K1C18_HUMAN,P05783,18.8%,0,TRUE,TRUE,VVSETNDTK,0,True,2,_[TMT_Nter]VVSETNDTK[TMT_Lys]_,4195.5,7608.067,7972.197,10086.59,7499.679,3410.235,True,6,5.61324726354196e-05
True,All Runs,TMT6Plex,ch_19Jan2017_SM-1-1_Sp-6-2_CID-OT-MS3-Short_HpH_11.raw,KRT18,Homo sapiens,P05783,"Keratin, type I cytoskeletal 18",K1C18_HUMAN,P05783,18.8%,0,TRUE,TRUE,NHEEEVK,0,True,3,_[TMT_Nter]NHEEEVK[TMT_Lys]_,488541.7,808117.8,921816.9,766255.8,998320.8,291317.7,True,6,0.00163557231170127
True,All Runs,TMT6Plex,ch_19Jan2017_SM-1-1_Sp-6-2_CID-OT-MS3-Short_HpH_11.raw,KRT18,Homo sapiens,P05783,"Keratin, type I cytoskeletal 18",K1C18_HUMAN,P05783,18.8%,0,TRUE,TRUE,NHEEEVK,0,True,3,_[TMT_Nter]NHEEEVK[TMT_Lys]_,93766.03,117858.7,137144.9,131794.6,114001.8,48514.07,True,6,0.00597983185860235
True,All Runs,TMT6Plex,ch_19Jan2017_SM-1-1_Sp-6-2_CID-OT-MS3-Short_HpH_11.raw,KRT18,Homo sapiens,P05783,"Keratin, type I cytoskeletal 18",K1C18_HUMAN,P05783,18.8%,0,TRUE,TRUE,NHEEEVK,0,True,2,_[TMT_Nter]NHEEEVK[TMT_Lys]_,17582.9,12615.53,29824.3,26697.54,27711.81,4869.35,True,6,0
True,All Runs,TMT6Plex,ch_19Jan2017_SM-1-1_Sp-6-2_CID-OT-MS3-Short_HpH_11.raw,KRT18,Homo sapiens,P05783,"Keratin, type I cytoskeletal 18",K1C18_HUMAN,P05783,18.8%,0,TRUE,TRUE,NHEEEVK,0,True,2,_[TMT_Nter]NHEEEVK[TMT_Lys]_,2170.76,1584.001,2249.36,2180.055,2248.862,412.2569,True,6,5.61324726354196e-05
True,All Runs,TMT6Plex,ch_19Jan2017_SM-1-1_Sp-6-2_CID-OT-MS3-Short_HpH_11.raw,KRT18,Homo sapiens,P05783,"Keratin, type I cytoskeletal 18",K1C18_HUMAN,P05783,18.8%,0,TRUE,TRUE,SLGSVQAPSYGARPVSSAASVYAGAGGSGSR,0,True,3,_[TMT_Nter]SLGSVQAPSYGARPVSSAASVYAGAGGSGSR_,1334.58,1800.024,2843.223,3280.313,332.2473,,True,5,0
True,All Runs,TMT6Plex,ch_19Jan2017_SM-1-1_Sp-6-2_CID-OT-MS3-Short_HpH_11.raw,KRT18,Homo sapiens,P05783,"Keratin, type I cytoskeletal 18",K1C18_HUMAN,P05783,18.8%,0,TRUE,TRUE,LEAEIATYR,0.000198649185538339,True,2,_[TMT_Nter]LEAEIATYR_,23732.49,21801.79,11517.97,18501.62,16282.37,11080.37,True,6,0.00150431425976385
True,All Runs,TMT6Plex,ch_19Jan2017_SM-1-1_Sp-6-2_CID-OT-MS3-Short_HpH_12.raw,KRT18,Homo sapiens,P05783,"Keratin, type I cytoskeletal 18",K1C18_HUMAN,P05783,25.8%,0,TRUE,TRUE,LLEDGEDFNLGDALDSSNSMQTIQK,0,True,3,_[TMT_Nter]LLEDGEDFNLGDALDSSNSMQTIQK[TMT_Lys]_,24268.23,14287.7,17974.21,8373.552,28399.79,13827.1,True,6,0
True,All Runs,TMT6Plex,ch_19Jan2017_SM-1-1_Sp-6-2_CID-OT-MS3-Short_HpH_12.raw,KRT18,Homo sapiens,P05783,"Keratin, type I cytoskeletal 18",K1C18_HUMAN,P05783,25.8%,0,TRUE,TRUE,TVQSLEIDLDSMR,0,True,2,_[TMT_Nter]TVQSLEIDLDSMR_,103339,116234.7,290671.7,180933.3,165142.9,102521.9,True,6,0
True,All Runs,TMT6Plex,ch_19Jan2017_SM-1-1_Sp-6-2_CID-OT-MS3-Short_HpH_12.raw,KRT18,Homo sapiens,P05783,"Keratin, type I cytoskeletal 18",K1C18_HUMAN,P05783,25.8%,0,TRUE,TRUE,TVQSLEIDLDSMR,0,True,2,_[TMT_Nter]TVQSLEIDLDSMR_,8108.632,4264.833,5670.352,4496.653,6512.078,8973.086,True,6,0
True,All Runs,TMT6Plex,ch_19Jan2017_SM-1-1_Sp-6-2_CID-OT-MS3-Short_HpH_12.raw,KRT18,Homo sapiens,P05783,"Keratin, type I cytoskeletal 18",K1C18_HUMAN,P05783,25.8%,0,TRUE,TRUE,TVQSLEIDLDSMR,0,True,2,_[TMT_Nter]TVQSLEIDLDSMR_,9.011615,4.847975,23.62641,7.924721,5.965689,,True,5,0.00870220065266505
True,All Runs,TMT6Plex,ch_19Jan2017_SM-1-1_Sp-6-2_CID-OT-MS3-Short_HpH_12.raw,KRT18,Homo sapiens,P05783,"Keratin, type I cytoskeletal 18",K1C18_HUMAN,P05783,25.8%,0,TRUE,TRUE,TVQSLEIDLDSMR,0,True,3,_[TMT_Nter]TVQSLEIDLDSMR_,82088.02,67458.43,113924,86263.69,100964.4,57590.2,True,6,5.61324726354196e-05
True,All Runs,TMT6Plex,ch_19Jan2017_SM-1-1_Sp-6-2_CID-OT-MS3-Short_HpH_12.raw,KRT18,Homo sapiens,P05783,"Keratin, type I cytoskeletal 18",K1C18_HUMAN,P05783,25.8%,0,TRUE,TRUE,TVQSLEIDLDSMR,0,True,2,_[TMT_Nter]TVQSLEIDLDSM[Oxidation (M)]R_,12203.63,15079.67,15568.95,16316.61,13319,15774.92,True,6,0
True,All Runs,TMT6Plex,ch_19Jan2017_SM-1-1_Sp-6-2_CID-OT-MS3-Short_HpH_12.raw,KRT18,Homo sapiens,P05783,"Keratin, type I cytoskeletal 18",K1C18_HUMAN,P05783,25.8%,0,TRUE,TRUE,GGMGSGGLATGIAGGLAGMGGIQNEK,0,True,3,_[TMT_Nter]GGM[Oxidation (M)]GSGGLATGIAGGLAGMGGIQNEK[TMT_Lys]_,21591.43,23117.46,20778.04,29826.13,30352.31,19080.56,True,6,0
True,All Runs,TMT6Plex,ch_19Jan2017_SM-1-1_Sp-6-2_CID-OT-MS3-Short_HpH_12.raw,KRT18,Homo sapiens,P05783,"Keratin, type I cytoskeletal 18",K1C18_HUMAN,P05783,25.8%,0,TRUE,TRUE,GGMGSGGLATGIAGGLAGMGGIQNEK,0,True,3,_[TMT_Nter]GGMGSGGLATGIAGGLAGM[Oxidation (M)]GGIQNEK[TMT_Lys]_,3661.171,4465.239,2531.97,4516.139,4929.912,2552.525,True,6,0
True,All Runs,TMT6Plex,ch_19Jan2017_SM-1-1_Sp-6-2_CID-OT-MS3-Short_HpH_12.raw,KRT18,Homo sapiens,P05783,"Keratin, type I cytoskeletal 18",K1C18_HUMAN,P05783,25.8%,0,TRUE,TRUE,GGMGSGGLATGIAGGLAGMGGIQNEK,0,True,3,_[TMT_Nter]GGMGSGGLATGIAGGLAGM[Oxidation (M)]GGIQNEK[TMT_Lys]_,4614.772,3238.475,691.3834,3441.75,1699.362,4680.027,True,6,0
True,All Runs,TMT6Plex,ch_19Jan2017_SM-1-1_Sp-6-2_CID-OT-MS3-Short_HpH_12.raw,KRT18,Homo sapiens,P05783,"Keratin, type I cytoskeletal 18",K1C18_HUMAN,P05783,25.8%,0,TRUE,TRUE,GGMGSGGLATGIAGGLAGMGGIQNEK,0,True,3,_[TMT_Nter]GGMGSGGLATGIAGGLAGM[Oxidation (M)]GGIQNEK[TMT_Lys]_,17416.7,24685.38,17283.87,23888.49,21539.85,15729.35,True,6,0
True,All Runs,TMT6Plex,ch_19Jan2017_SM-1-1_Sp-6-2_CID-OT-MS3-Short_HpH_12.raw,KRT18,Homo sapiens,P05783,"Keratin, type I cytoskeletal 18",K1C18_HUMAN,P05783,25.8%,0,TRUE,TRUE,GGMGSGGLATGIAGGLAGMGGIQNEK,0,True,3,_[TMT_Nter]GGMGSGGLATGIAGGLAGM[Oxidation (M)]GGIQNEK[TMT_Lys]_,3998.536,3777.983,4979.011,3515.796,4349.243,2204.266,False,6,0
True,All Runs,TMT6Plex,ch_19Jan2017_SM-1-1_Sp-6-2_CID-OT-MS3-Short_HpH_12.raw,KRT18,Homo sapiens,P05783,"Keratin, type I cytoskeletal 18",K1C18_HUMAN,P05783,25.8%,0,TRUE,TRUE,GGMGSGGLATGIAGGLAGMGGIQNEK,0,True,3,_[TMT_Nter]GGMGSGGLATGIAGGLAGMGGIQNEK[TMT_Lys]_,601534.8,648698.7,701654.7,689426.6,552827.1,467356.3,True,6,0
True,All Runs,TMT6Plex,ch_19Jan2017_SM-1-1_Sp-6-2_CID-OT-MS3-Short_HpH_12.raw,KRT18,Homo sapiens,P05783,"Keratin, type I cytoskeletal 18",K1C18_HUMAN,P05783,25.8%,0,TRUE,TRUE,GGMGSGGLATGIAGGLAGMGGIQNEK,0,True,3,_[TMT_Nter]GGMGSGGLATGIAGGLAGMGGIQNEK[TMT_Lys]_,11457.57,10051.67,21045.01,14751.1,9654.327,9872.802,True,6,0
True,All Runs,TMT6Plex,ch_19Jan2017_SM-1-1_Sp-6-2_CID-OT-MS3-Short_HpH_12.raw,KRT18,Homo sapiens,P05783,"Keratin, type I cytoskeletal 18",K1C18_HUMAN,P05783,25.8%,0,TRUE,TRUE,GGMGSGGLATGIAGGLAGMGGIQNEK,0,True,3,_[TMT_Nter]GGMGSGGLATGIAGGLAGMGGIQNEK[TMT_Lys]_,2030.717,3801.658,2369.835,2699.234,3569.125,622.9729,True,6,0
True,All Runs,TMT6Plex,ch_19Jan2017_SM-1-1_Sp-6-2_CID-OT-MS3-Short_HpH_12.raw,KRT18,Homo sapiens,P05783,"Keratin, type I cytoskeletal 18",K1C18_HUMAN,P05783,25.8%,0,TRUE,TRUE,GGMGSGGLATGIAGGLAGMGGIQNEK,0,True,3,_[TMT_Nter]GGMGSGGLATGIAGGLAGMGGIQNEK[TMT_Lys]_,12.96537,23.73969,14.89636,23.00076,14.4215,4.343613,False,6,5.61324726354196e-05
True,All Runs,TMT6Plex,ch_19Jan2017_SM-1-1_Sp-6-2_CID-OT-MS3-Short_HpH_12.raw,KRT18,Homo sapiens,P05783,"Keratin, type I cytoskeletal 18",K1C18_HUMAN,P05783,25.8%,0,TRUE,TRUE,GGMGSGGLATGIAGGLAGMGGIQNEK,0,True,3,_[TMT_Nter]GGMGSGGLATGIAGGLAGMGGIQNEK[TMT_Lys]_,34.93433,23.66173,40.554,22.26148,20.92359,4.011816,False,6,0.000214601485042277
True,All Runs,TMT6Plex,ch_19Jan2017_SM-1-1_Sp-6-2_CID-OT-MS3-Short_HpH_12.raw,KRT18,Homo sapiens,P05783,"Keratin, type I cytoskeletal 18",K1C18_HUMAN,P05783,25.8%,0,TRUE,TRUE,GGMGSGGLATGIAGGLAGMGGIQNEK,0,True,3,_[TMT_Nter]GGMGSGGLATGIAGGLAGMGGIQNEK[TMT_Lys]_,29.39708,25.64303,12.16816,38.34305,24.21861,5.663621,False,6,0.000964673009114497
True,All Runs,TMT6Plex,ch_19Jan2017_SM-1-1_Sp-6-2_CID-OT-MS3-Short_HpH_12.raw,KRT18,Homo sapiens,P05783,"Keratin, type I cytoskeletal 18",K1C18_HUMAN,P05783,25.8%,0,TRUE,TRUE,GGMGSGGLATGIAGGLAGMGGIQNEK,0,True,3,_[TMT_Nter]GGMGSGGLATGIAGGLAGMGGIQNEK[TMT_Lys]_,27.09686,26.07848,23.14255,33.46117,6.612948,17.94397,False,6,0.00116761407282225
True,All Runs,TMT6Plex,ch_19Jan2017_SM-1-1_Sp-6-2_CID-OT-MS3-Short_HpH_12.raw,KRT18,Homo sapiens,P05783,"Keratin, type I cytoskeletal 18",K1C18_HUMAN,P05783,25.8%,0,TRUE,TRUE,GGMGSGGLATGIAGGLAGMGGIQNEK,0,True,3,_[TMT_Nter]GGMGSGGLATGIAGGLAGMGGIQNEK[TMT_Lys]_,29.36866,14.81363,21.32277,25.50836,24.51373,6.672224,False,6,0.00132362673726009
True,All Runs,TMT6Plex,ch_19Jan2017_SM-1-1_Sp-6-2_CID-OT-MS3-Short_HpH_12.raw,KRT18,Homo sapiens,P05783,"Keratin, type I cytoskeletal 18",K1C18_HUMAN,P05783,25.8%,0,TRUE,TRUE,GGMGSGGLATGIAGGLAGMGGIQNEK,0,True,4,_[TMT_Nter]GGMGSGGLATGIAGGLAGMGGIQNEK[TMT_Lys]_,36920.08,37734.32,41137.23,35786.89,73627.96,55978.58,True,6,0
True,All Runs,TMT6Plex,ch_19Jan2017_SM-1-1_Sp-6-2_CID-OT-MS3-Short_HpH_12.raw,KRT18,Homo sapiens,P05783,"Keratin, type I cytoskeletal 18",K1C18_HUMAN,P05783,25.8%,0,TRUE,TRUE,GGMGSGGLATGIAGGLAGMGGIQNEK,0,True,2,_[TMT_Nter]GGMGSGGLATGIAGGLAGMGGIQNEK[TMT_Lys]_,252.2833,106.5821,191.1711,288.8941,293.8478,210.2716,True,6,0.00597983185860235
True,All Runs,TMT6Plex,ch_19Jan2017_SM-1-1_Sp-6-2_CID-OT-MS3-Short_HpH_12.raw,KRT18,Homo sapiens,P05783,"Keratin, type I cytoskeletal 18",K1C18_HUMAN,P05783,25.8%,0,TRUE,TRUE,ASLENSLR,0.000198649185538339,True,2,_[TMT_Nter]ASLENSLR_,30579.61,74048.98,72388.38,75787.66,77016.55,55715.8,True,6,0.000201338903709669
True,All Runs,TMT6Plex,ch_19Jan2017_SM-1-1_Sp-6-2_CID-OT-MS3-Short_HpH_12.raw,KRT18,Homo sapiens,P05783,"Keratin, type I cytoskeletal 18",K1C18_HUMAN,P05783,25.8%,0,TRUE,TRUE,ASLENSLR,0.000198649185538339,True,2,_[TMT_Nter]ASLENSLR_,79455.72,126564.1,111956,171450.6,86591.27,73499.94,True,6,0.000765389802092066
True,All Runs,TMT6Plex,ch_19Jan2017_SM-1-1_Sp-6-2_CID-OT-MS3-Short_HpH_12.raw,KRT18,Homo sapiens,P05783,"Keratin, type I cytoskeletal 18",K1C18_HUMAN,P05783,25.8%,0,TRUE,TRUE,KNHEEEVK,0.000198649185538339,True,3,_[TMT_Nter]K[TMT_Lys]NHEEEVK[TMT_Lys]_,30857.32,64151.24,60138.91,89567.06,61908.32,25918.64,True,6,0.00246983457253853
True,All Runs,TMT6Plex,ch_19Jan2017_SM-1-1_Sp-6-2_CID-OT-MS3-Short_HpH_12.raw,KRT18,Homo sapiens,P05783,"Keratin, type I cytoskeletal 18",K1C18_HUMAN,P05783,25.8%,0,TRUE,TRUE,KNHEEEVK,0.000198649185538339,True,2,_[TMT_Nter]K[TMT_Lys]NHEEEVK[TMT_Lys]_,1684.867,1635.501,2022.447,1817.079,1707.795,571.0669,True,6,0.000201338903709669
True,All Runs,TMT6Plex,ch_19Jan2017_SM-1-1_Sp-6-2_CID-OT-MS3-Short_HpH_12.raw,KRT18,Homo sapiens,P05783,"Keratin, type I cytoskeletal 18",K1C18_HUMAN,P05783,25.8%,0,TRUE,TRUE,KNHEEEVK,0.000198649185538339,True,4,_[TMT_Nter]K[TMT_Lys]NHEEEVK[TMT_Lys]_,126149.6,116925.5,147168.6,205788.3,165796.2,37283.37,True,6,0.0094260363517141
True,All Runs,TMT6Plex,ch_19Jan2017_SM-1-1_Sp-6-2_CID-OT-MS3-Short_HpH_12.raw,KRT18,Homo sapiens,P05783,"Keratin, type I cytoskeletal 18",K1C18_HUMAN,P05783,25.8%,0,TRUE,TRUE,SLGSVQAPSYGARPVSSAASVYAGAGGSGSR,0,False,3,_[TMT_Nter]SLGSVQAPSYGARPVSSAASVYAGAGGSGSR_,3332.216,6253.653,1987.513,3488.973,2765.624,3180.895,True,6,0
True,All Runs,TMT6Plex,ch_19Jan2017_SM-1-1_Sp-6-2_CID-OT-MS3-Short_HpH_12.raw,ACO1,Homo sapiens,P21399,Cytoplasmic aconitate hydratase,ACOC_HUMAN,P21399,2.5%,0,TRUE,TRUE,QAPQTIHLPSGEILDVFDAAER,0.000629362627302895,True,3,_[TMT_Nter]QAPQTIHLPSGEILDVFDAAER_,3163.251,1958.028,6209.285,1437.913,3597.761,2821.306,True,6,0.000765389802092066
