ProteinName,PeptideSequence,PrecursorCharge,FragmentIon,ProductCharge,IsotopeLabelType,Condition,BioReplicate,Run,Intensity
IDHC,ATDVIVPEEGELR,2,y8,NA,H,1,ReplA,1,29778.10188
IDHC,ATDVIVPEEGELR,2,y8,NA,L,1,ReplA,1,98.0213429
IDHC,ATDVIVPEEGELR,2,y9,NA,H,1,ReplA,1,17921.29255
IDHC,ATDVIVPEEGELR,2,y9,NA,L,1,ReplA,1,60.4702936
IDHC,DQTNDQVTVDSATATLK,2,y10,NA,H,1,ReplA,1,4481.22888
IDHC,DQTNDQVTVDSATATLK,2,y10,NA,L,1,ReplA,1,65.1626812
IDHC,DQTNDQVTVDSATATLK,2,y11,NA,H,1,ReplA,1,1871.042343
IDHC,DQTNDQVTVDSATATLK,2,y11,NA,L,1,ReplA,1,174.7607277
IDHC,DQTNDQVTVDSATATLK,2,y8,NA,H,1,ReplA,1,2640.0596
IDHC,DQTNDQVTVDSATATLK,2,y8,NA,L,1,ReplA,1,187.3422894
PMG2,DYEGKPPPVDLDR,3,y6,NA,H,1,ReplA,1,1251.101735
PMG2,DYEGKPPPVDLDR,3,y6,NA,L,1,ReplA,1,3179.736893
PMG2,DYEGKPPPVDLDR,3,y7,NA,H,1,ReplA,1,457.4965012
PMG2,DYEGKPPPVDLDR,3,y7,NA,L,1,ReplA,1,1589.665802
PMG2,DYEGKPPPVDLDR,3,y8,NA,H,1,ReplA,1,80.7471033
PMG2,DYEGKPPPVDLDR,3,y8,NA,L,1,ReplA,1,1322.03895
PMG2,ILEGISDDDIK,2,y4,NA,H,1,ReplA,1,1511.165682
PMG2,ILEGISDDDIK,2,y4,NA,L,1,ReplA,1,1485.415819
PMG2,ILEGISDDDIK,2,y6,NA,H,1,ReplA,1,1969.106498
PMG2,ILEGISDDDIK,2,y6,NA,L,1,ReplA,1,1075.136893
PMG2,ILEGISDDDIK,2,y8,NA,H,1,ReplA,1,512.352085
PMG2,ILEGISDDDIK,2,y8,NA,L,1,ReplA,1,1386.258107
IDHC,ATDVIVPEEGELR,2,y7,NA,H,1,ReplB,2,62109.58757
IDHC,ATDVIVPEEGELR,2,y8,NA,H,1,ReplB,2,21209.46042
IDHC,ATDVIVPEEGELR,2,y8,NA,L,1,ReplB,2,23.6475672
IDHC,ATDVIVPEEGELR,2,y9,NA,H,1,ReplB,2,13781.91146
IDHC,ATDVIVPEEGELR,2,y9,NA,L,1,ReplB,2,97.1167374
IDHC,DQTNDQVTVDSATATLK,2,y10,NA,H,1,ReplB,2,4085.843124
IDHC,DQTNDQVTVDSATATLK,2,y10,NA,L,1,ReplB,2,46.4683764
IDHC,DQTNDQVTVDSATATLK,2,y11,NA,H,1,ReplB,2,1512.591964
IDHC,DQTNDQVTVDSATATLK,2,y11,NA,L,1,ReplB,2,140.3272548
IDHC,DQTNDQVTVDSATATLK,2,y8,NA,H,1,ReplB,2,2157.18799
IDHC,DQTNDQVTVDSATATLK,2,y8,NA,L,1,ReplB,2,266.6983277
PMG2,DYEGKPPPVDLDR,3,y6,NA,H,1,ReplB,2,1316.340032
PMG2,DYEGKPPPVDLDR,3,y6,NA,L,1,ReplB,2,3408.992182
PMG2,DYEGKPPPVDLDR,3,y7,NA,H,1,ReplB,2,555.830898
PMG2,DYEGKPPPVDLDR,3,y7,NA,L,1,ReplB,2,1538.612889
PMG2,DYEGKPPPVDLDR,3,y8,NA,H,1,ReplB,2,107.9112586
PMG2,DYEGKPPPVDLDR,3,y8,NA,L,1,ReplB,2,1556.724225
PMG2,ILEGISDDDIK,2,y4,NA,H,1,ReplB,2,1001.123542
PMG2,ILEGISDDDIK,2,y4,NA,L,1,ReplB,2,1195.096762
PMG2,ILEGISDDDIK,2,y6,NA,H,1,ReplB,2,1424.245271
PMG2,ILEGISDDDIK,2,y6,NA,L,1,ReplB,2,885.65294
PMG2,ILEGISDDDIK,2,y8,NA,H,1,ReplB,2,423.7673702
PMG2,ILEGISDDDIK,2,y8,NA,L,1,ReplB,2,1194.783627
IDHC,ATDVIVPEEGELR,2,y7,NA,H,1,ReplC,3,65114.36461
IDHC,ATDVIVPEEGELR,2,y8,NA,H,1,ReplC,3,23216.51174
IDHC,ATDVIVPEEGELR,2,y8,NA,L,1,ReplC,3,37.364563
IDHC,ATDVIVPEEGELR,2,y9,NA,H,1,ReplC,3,14914.60943
IDHC,ATDVIVPEEGELR,2,y9,NA,L,1,ReplC,3,73.3447802
IDHC,DQTNDQVTVDSATATLK,2,y10,NA,H,1,ReplC,3,4367.989076
IDHC,DQTNDQVTVDSATATLK,2,y10,NA,L,1,ReplC,3,54.0356469
IDHC,DQTNDQVTVDSATATLK,2,y11,NA,H,1,ReplC,3,1852.980488
IDHC,DQTNDQVTVDSATATLK,2,y11,NA,L,1,ReplC,3,138.9919252
IDHC,DQTNDQVTVDSATATLK,2,y8,NA,H,1,ReplC,3,2262.306017
IDHC,DQTNDQVTVDSATATLK,2,y8,NA,L,1,ReplC,3,225.8316885
PMG2,DYEGKPPPVDLDR,3,y6,NA,H,1,ReplC,3,1339.534987
PMG2,DYEGKPPPVDLDR,3,y6,NA,L,1,ReplC,3,3351.322881
PMG2,DYEGKPPPVDLDR,3,y7,NA,H,1,ReplC,3,611.32898
PMG2,DYEGKPPPVDLDR,3,y7,NA,L,1,ReplC,3,1547.755347
PMG2,DYEGKPPPVDLDR,3,y8,NA,H,1,ReplC,3,76.9825695
PMG2,DYEGKPPPVDLDR,3,y8,NA,L,1,ReplC,3,1550.33321
PMG2,ILEGISDDDIK,2,y4,NA,H,1,ReplC,3,1197.144322
PMG2,ILEGISDDDIK,2,y4,NA,L,1,ReplC,3,1063.542168
PMG2,ILEGISDDDIK,2,y6,NA,H,1,ReplC,3,1362.263781
PMG2,ILEGISDDDIK,2,y6,NA,L,1,ReplC,3,875.423998
PMG2,ILEGISDDDIK,2,y8,NA,H,1,ReplC,3,369.779882
PMG2,ILEGISDDDIK,2,y8,NA,L,1,ReplC,3,1264.341549
IDHC,ATDVIVPEEGELR,2,y7,NA,H,2,ReplA,4,95113.4377
IDHC,ATDVIVPEEGELR,2,y8,NA,H,2,ReplA,4,32218.6221
IDHC,ATDVIVPEEGELR,2,y8,NA,L,2,ReplA,4,249.3520942
IDHC,ATDVIVPEEGELR,2,y9,NA,H,2,ReplA,4,20812.1874
IDHC,ATDVIVPEEGELR,2,y9,NA,L,2,ReplA,4,66.6287705
IDHC,DQTNDQVTVDSATATLK,2,y10,NA,H,2,ReplA,4,4092.673862
IDHC,DQTNDQVTVDSATATLK,2,y10,NA,L,2,ReplA,4,31.0220442
IDHC,DQTNDQVTVDSATATLK,2,y11,NA,H,2,ReplA,4,1905.384616
IDHC,DQTNDQVTVDSATATLK,2,y11,NA,L,2,ReplA,4,248.9633598
IDHC,DQTNDQVTVDSATATLK,2,y8,NA,H,2,ReplA,4,2258.080082
IDHC,DQTNDQVTVDSATATLK,2,y8,NA,L,2,ReplA,4,248.4816916
PMG2,DYEGKPPPVDLDR,3,y6,NA,H,2,ReplA,4,1078.19689
PMG2,DYEGKPPPVDLDR,3,y6,NA,L,2,ReplA,4,2277.676515
PMG2,DYEGKPPPVDLDR,3,y7,NA,H,2,ReplA,4,376.4989606
PMG2,DYEGKPPPVDLDR,3,y7,NA,L,2,ReplA,4,928.906269
PMG2,DYEGKPPPVDLDR,3,y8,NA,H,2,ReplA,4,735.628105
PMG2,DYEGKPPPVDLDR,3,y8,NA,L,2,ReplA,4,952.601129
PMG2,ILEGISDDDIK,2,y4,NA,H,2,ReplA,4,1394.181117
PMG2,ILEGISDDDIK,2,y4,NA,L,2,ReplA,4,1598.428635
PMG2,ILEGISDDDIK,2,y6,NA,H,2,ReplA,4,1780.447918
PMG2,ILEGISDDDIK,2,y6,NA,L,2,ReplA,4,1552.308441
PMG2,ILEGISDDDIK,2,y8,NA,H,2,ReplA,4,291.2240684
PMG2,ILEGISDDDIK,2,y8,NA,L,2,ReplA,4,1492.770374
IDHC,ATDVIVPEEGELR,2,y7,NA,H,2,ReplB,5,59869.47505
IDHC,ATDVIVPEEGELR,2,y8,NA,H,2,ReplB,5,20919.22055
IDHC,ATDVIVPEEGELR,2,y8,NA,L,2,ReplB,5,59.5716608
IDHC,ATDVIVPEEGELR,2,y9,NA,H,2,ReplB,5,13084.42503
IDHC,ATDVIVPEEGELR,2,y9,NA,L,2,ReplB,5,21.0664325
IDHC,DQTNDQVTVDSATATLK,2,y10,NA,H,2,ReplB,5,3975.254353
IDHC,DQTNDQVTVDSATATLK,2,y10,NA,L,2,ReplB,5,38.654467
IDHC,DQTNDQVTVDSATATLK,2,y11,NA,H,2,ReplB,5,1751.115969
IDHC,DQTNDQVTVDSATATLK,2,y8,NA,H,2,ReplB,5,2091.74498
PMG2,DYEGKPPPVDLDR,3,y6,NA,H,2,ReplB,5,1343.824514
PMG2,DYEGKPPPVDLDR,3,y6,NA,L,2,ReplB,5,3527.153108
PMG2,DYEGKPPPVDLDR,3,y7,NA,H,2,ReplB,5,633.572235
PMG2,DYEGKPPPVDLDR,3,y7,NA,L,2,ReplB,5,1502.784115
PMG2,DYEGKPPPVDLDR,3,y8,NA,H,2,ReplB,5,28.3792046
PMG2,DYEGKPPPVDLDR,3,y8,NA,L,2,ReplB,5,1212.269981
PMG2,ILEGISDDDIK,2,y4,NA,H,2,ReplB,5,741.102555
PMG2,ILEGISDDDIK,2,y4,NA,L,2,ReplB,5,849.288885
PMG2,ILEGISDDDIK,2,y6,NA,H,2,ReplB,5,1189.19397
PMG2,ILEGISDDDIK,2,y6,NA,L,2,ReplB,5,951.492676
PMG2,ILEGISDDDIK,2,y8,NA,H,2,ReplB,5,267.3407161
PMG2,ILEGISDDDIK,2,y8,NA,L,2,ReplB,5,908.774986
IDHC,ATDVIVPEEGELR,2,y7,NA,H,2,ReplC,6,50103.32277
IDHC,ATDVIVPEEGELR,2,y8,NA,H,2,ReplC,6,17677.10619
IDHC,ATDVIVPEEGELR,2,y8,NA,L,2,ReplC,6,111.4627188
IDHC,ATDVIVPEEGELR,2,y9,NA,H,2,ReplC,6,10768.89692
IDHC,ATDVIVPEEGELR,2,y9,NA,L,2,ReplC,6,39.215968
IDHC,DQTNDQVTVDSATATLK,2,y10,NA,H,2,ReplC,6,3667.523443
IDHC,DQTNDQVTVDSATATLK,2,y10,NA,L,2,ReplC,6,24.4299059
IDHC,DQTNDQVTVDSATATLK,2,y11,NA,H,2,ReplC,6,1532.580338
IDHC,DQTNDQVTVDSATATLK,2,y11,NA,L,2,ReplC,6,222.4609331
IDHC,DQTNDQVTVDSATATLK,2,y8,NA,H,2,ReplC,6,2022.572889
IDHC,DQTNDQVTVDSATATLK,2,y8,NA,L,2,ReplC,6,140.1632234
PMG2,DYEGKPPPVDLDR,3,y6,NA,H,2,ReplC,6,1127.365693
PMG2,DYEGKPPPVDLDR,3,y6,NA,L,2,ReplC,6,2716.298025
PMG2,DYEGKPPPVDLDR,3,y7,NA,H,2,ReplC,6,381.8043878
PMG2,DYEGKPPPVDLDR,3,y7,NA,L,2,ReplC,6,1181.495068
PMG2,DYEGKPPPVDLDR,3,y8,NA,H,2,ReplC,6,335.1715032
PMG2,DYEGKPPPVDLDR,3,y8,NA,L,2,ReplC,6,1284.707072
PMG2,ILEGISDDDIK,2,y4,NA,H,2,ReplC,6,940.308963
PMG2,ILEGISDDDIK,2,y4,NA,L,2,ReplC,6,999.79291
PMG2,ILEGISDDDIK,2,y6,NA,H,2,ReplC,6,884.920728
PMG2,ILEGISDDDIK,2,y6,NA,L,2,ReplC,6,1021.51309
PMG2,ILEGISDDDIK,2,y8,NA,H,2,ReplC,6,65.5221747
PMG2,ILEGISDDDIK,2,y8,NA,L,2,ReplC,6,924.256612
IDHC,ATDVIVPEEGELR,2,y7,NA,H,3,ReplA,7,95742.959
IDHC,ATDVIVPEEGELR,2,y8,NA,H,3,ReplA,7,32740.9559
IDHC,ATDVIVPEEGELR,2,y8,NA,L,3,ReplA,7,58.934805
IDHC,ATDVIVPEEGELR,2,y9,NA,H,3,ReplA,7,21228.79627
IDHC,ATDVIVPEEGELR,2,y9,NA,L,3,ReplA,7,70.1103118
IDHC,DQTNDQVTVDSATATLK,2,y10,NA,H,3,ReplA,7,4320.235831
IDHC,DQTNDQVTVDSATATLK,2,y10,NA,L,3,ReplA,7,29.9689776
IDHC,DQTNDQVTVDSATATLK,2,y11,NA,H,3,ReplA,7,2064.338876
IDHC,DQTNDQVTVDSATATLK,2,y11,NA,L,3,ReplA,7,209.6373085
IDHC,DQTNDQVTVDSATATLK,2,y8,NA,H,3,ReplA,7,2399.82983
IDHC,DQTNDQVTVDSATATLK,2,y8,NA,L,3,ReplA,7,303.1888899
PMG2,DYEGKPPPVDLDR,3,y6,NA,H,3,ReplA,7,1106.1625
PMG2,DYEGKPPPVDLDR,3,y6,NA,L,3,ReplA,7,3001.945769
PMG2,DYEGKPPPVDLDR,3,y7,NA,H,3,ReplA,7,477.2260026
PMG2,DYEGKPPPVDLDR,3,y7,NA,L,3,ReplA,7,1267.448158
PMG2,DYEGKPPPVDLDR,3,y8,NA,H,3,ReplA,7,175.1264304
PMG2,DYEGKPPPVDLDR,3,y8,NA,L,3,ReplA,7,1403.060392
PMG2,ILEGISDDDIK,2,y4,NA,H,3,ReplA,7,1204.267125
PMG2,ILEGISDDDIK,2,y4,NA,L,3,ReplA,7,538.893201
PMG2,ILEGISDDDIK,2,y6,NA,H,3,ReplA,7,1812.766154
PMG2,ILEGISDDDIK,2,y6,NA,L,3,ReplA,7,881.051915
PMG2,ILEGISDDDIK,2,y8,NA,H,3,ReplA,7,259.5635864
PMG2,ILEGISDDDIK,2,y8,NA,L,3,ReplA,7,1174.93223
IDHC,ATDVIVPEEGELR,2,y7,NA,H,3,ReplB,8,64438.45383
IDHC,ATDVIVPEEGELR,2,y8,NA,H,3,ReplB,8,22117.31118
IDHC,ATDVIVPEEGELR,2,y8,NA,L,3,ReplB,8,44.4193117
IDHC,ATDVIVPEEGELR,2,y9,NA,H,3,ReplB,8,14754.10823
IDHC,ATDVIVPEEGELR,2,y9,NA,L,3,ReplB,8,80.9274635
IDHC,DQTNDQVTVDSATATLK,2,y10,NA,H,3,ReplB,8,3791.161035
IDHC,DQTNDQVTVDSATATLK,2,y10,NA,L,3,ReplB,8,35.8133171
IDHC,DQTNDQVTVDSATATLK,2,y11,NA,H,3,ReplB,8,1629.268597
IDHC,DQTNDQVTVDSATATLK,2,y11,NA,L,3,ReplB,8,131.3487292
IDHC,DQTNDQVTVDSATATLK,2,y8,NA,H,3,ReplB,8,1987.910462
IDHC,DQTNDQVTVDSATATLK,2,y8,NA,L,3,ReplB,8,49.4759062
PMG2,DYEGKPPPVDLDR,3,y6,NA,H,3,ReplB,8,998.574879
PMG2,DYEGKPPPVDLDR,3,y6,NA,L,3,ReplB,8,2361.855943
PMG2,DYEGKPPPVDLDR,3,y7,NA,H,3,ReplB,8,176.9696118
PMG2,DYEGKPPPVDLDR,3,y7,NA,L,3,ReplB,8,1193.73252
PMG2,DYEGKPPPVDLDR,3,y8,NA,H,3,ReplB,8,417.5414599
PMG2,DYEGKPPPVDLDR,3,y8,NA,L,3,ReplB,8,1184.453166
PMG2,ILEGISDDDIK,2,y4,NA,H,3,ReplB,8,1021.941624
PMG2,ILEGISDDDIK,2,y4,NA,L,3,ReplB,8,978.014988
PMG2,ILEGISDDDIK,2,y6,NA,H,3,ReplB,8,1177.641549
PMG2,ILEGISDDDIK,2,y6,NA,L,3,ReplB,8,1159.128401
PMG2,ILEGISDDDIK,2,y8,NA,H,3,ReplB,8,139.890141
PMG2,ILEGISDDDIK,2,y8,NA,L,3,ReplB,8,1142.472569
IDHC,ATDVIVPEEGELR,2,y7,NA,H,3,ReplC,9,61907.44654
IDHC,ATDVIVPEEGELR,2,y8,NA,H,3,ReplC,9,21327.99066
IDHC,ATDVIVPEEGELR,2,y8,NA,L,3,ReplC,9,91.2864886
IDHC,ATDVIVPEEGELR,2,y9,NA,H,3,ReplC,9,14030.89822
IDHC,ATDVIVPEEGELR,2,y9,NA,L,3,ReplC,9,86.3636784
IDHC,DQTNDQVTVDSATATLK,2,y10,NA,H,3,ReplC,9,3778.865121
IDHC,DQTNDQVTVDSATATLK,2,y10,NA,L,3,ReplC,9,57.4344328
IDHC,DQTNDQVTVDSATATLK,2,y11,NA,H,3,ReplC,9,1547.47701
IDHC,DQTNDQVTVDSATATLK,2,y11,NA,L,3,ReplC,9,73.5799306
IDHC,DQTNDQVTVDSATATLK,2,y8,NA,H,3,ReplC,9,1756.372014
IDHC,DQTNDQVTVDSATATLK,2,y8,NA,L,3,ReplC,9,189.5188277
PMG2,DYEGKPPPVDLDR,3,y6,NA,H,3,ReplC,9,1124.204426
PMG2,DYEGKPPPVDLDR,3,y6,NA,L,3,ReplC,9,2897.510506
PMG2,DYEGKPPPVDLDR,3,y7,NA,H,3,ReplC,9,605.542887
PMG2,DYEGKPPPVDLDR,3,y7,NA,L,3,ReplC,9,1092.094608
PMG2,DYEGKPPPVDLDR,3,y8,NA,H,3,ReplC,9,630.002567
PMG2,DYEGKPPPVDLDR,3,y8,NA,L,3,ReplC,9,1193.5158
PMG2,ILEGISDDDIK,2,y4,NA,H,3,ReplC,9,998.672666
PMG2,ILEGISDDDIK,2,y6,NA,L,3,ReplC,9,1048.259405
PMG2,ILEGISDDDIK,2,y8,NA,H,3,ReplC,9,180.7391752
PMG2,ILEGISDDDIK,2,y8,NA,L,3,ReplC,9,1343.074952
IDHC,ATDVIVPEEGELR,2,y7,NA,H,4,ReplA,10,107416.5836
IDHC,ATDVIVPEEGELR,2,y8,NA,H,4,ReplA,10,36834.65584
IDHC,ATDVIVPEEGELR,2,y8,NA,L,4,ReplA,10,124.0834738
IDHC,ATDVIVPEEGELR,2,y9,NA,H,4,ReplA,10,22884.68336
IDHC,ATDVIVPEEGELR,2,y9,NA,L,4,ReplA,10,91.5918251
IDHC,DQTNDQVTVDSATATLK,2,y10,NA,H,4,ReplA,10,5598.336237
IDHC,DQTNDQVTVDSATATLK,2,y10,NA,L,4,ReplA,10,56.3434548
IDHC,DQTNDQVTVDSATATLK,2,y11,NA,H,4,ReplA,10,2528.930514
IDHC,DQTNDQVTVDSATATLK,2,y11,NA,L,4,ReplA,10,112.2640142
IDHC,DQTNDQVTVDSATATLK,2,y8,NA,H,4,ReplA,10,3061.532698
IDHC,DQTNDQVTVDSATATLK,2,y8,NA,L,4,ReplA,10,298.059602
PMG2,DYEGKPPPVDLDR,3,y6,NA,H,4,ReplA,10,1400.10492
PMG2,DYEGKPPPVDLDR,3,y6,NA,L,4,ReplA,10,3441.197285
PMG2,DYEGKPPPVDLDR,3,y7,NA,H,4,ReplA,10,571.938515
PMG2,DYEGKPPPVDLDR,3,y7,NA,L,4,ReplA,10,1590.181763
PMG2,DYEGKPPPVDLDR,3,y8,NA,H,4,ReplA,10,193.9417931
PMG2,DYEGKPPPVDLDR,3,y8,NA,L,4,ReplA,10,1711.737433
PMG2,ILEGISDDDIK,2,y4,NA,H,4,ReplA,10,1660.729405
PMG2,ILEGISDDDIK,2,y4,NA,L,4,ReplA,10,1568.26464
PMG2,ILEGISDDDIK,2,y6,NA,H,4,ReplA,10,1245.577146
PMG2,ILEGISDDDIK,2,y6,NA,L,4,ReplA,10,1708.455509
PMG2,ILEGISDDDIK,2,y8,NA,H,4,ReplA,10,430.5862987
PMG2,ILEGISDDDIK,2,y8,NA,L,4,ReplA,10,1970.574845
IDHC,ATDVIVPEEGELR,2,y7,NA,H,4,ReplB,11,55947.08848
IDHC,ATDVIVPEEGELR,2,y8,NA,H,4,ReplB,11,19738.99401
IDHC,ATDVIVPEEGELR,2,y8,NA,L,4,ReplB,11,83.3917004
IDHC,ATDVIVPEEGELR,2,y9,NA,H,4,ReplB,11,12365.51062
IDHC,ATDVIVPEEGELR,2,y9,NA,L,4,ReplB,11,38.7436704
IDHC,DQTNDQVTVDSATATLK,2,y10,NA,H,4,ReplB,11,2811.271748
IDHC,DQTNDQVTVDSATATLK,2,y10,NA,L,4,ReplB,11,73.9411701
IDHC,DQTNDQVTVDSATATLK,2,y11,NA,H,4,ReplB,11,1229.64854
IDHC,DQTNDQVTVDSATATLK,2,y11,NA,L,4,ReplB,11,171.5650712
IDHC,DQTNDQVTVDSATATLK,2,y8,NA,H,4,ReplB,11,1516.994269
IDHC,DQTNDQVTVDSATATLK,2,y8,NA,L,4,ReplB,11,213.3710592
PMG2,DYEGKPPPVDLDR,3,y6,NA,H,4,ReplB,11,892.666345
PMG2,DYEGKPPPVDLDR,3,y6,NA,L,4,ReplB,11,2673.010545
PMG2,DYEGKPPPVDLDR,3,y7,NA,H,4,ReplB,11,448.8968908
PMG2,DYEGKPPPVDLDR,3,y7,NA,L,4,ReplB,11,1222.91485
PMG2,DYEGKPPPVDLDR,3,y8,NA,H,4,ReplB,11,98.4780244
PMG2,DYEGKPPPVDLDR,3,y8,NA,L,4,ReplB,11,1384.888586
PMG2,ILEGISDDDIK,2,y4,NA,H,4,ReplB,11,1004.173592
PMG2,ILEGISDDDIK,2,y4,NA,L,4,ReplB,11,595.964779
PMG2,ILEGISDDDIK,2,y6,NA,H,4,ReplB,11,1218.405272
PMG2,ILEGISDDDIK,2,y6,NA,L,4,ReplB,11,761.099813
PMG2,ILEGISDDDIK,2,y8,NA,H,4,ReplB,11,302.6173004
PMG2,ILEGISDDDIK,2,y8,NA,L,4,ReplB,11,780.597932
IDHC,ATDVIVPEEGELR,2,y7,NA,H,4,ReplC,12,50971.46069
IDHC,ATDVIVPEEGELR,2,y8,NA,H,4,ReplC,12,19199.23893
IDHC,ATDVIVPEEGELR,2,y8,NA,L,4,ReplC,12,68.5327094
IDHC,ATDVIVPEEGELR,2,y9,NA,H,4,ReplC,12,11583.35894
IDHC,ATDVIVPEEGELR,2,y9,NA,L,4,ReplC,12,313.1441299
IDHC,DQTNDQVTVDSATATLK,2,y10,NA,H,4,ReplC,12,2706.191626
IDHC,DQTNDQVTVDSATATLK,2,y10,NA,L,4,ReplC,12,19.28612
IDHC,DQTNDQVTVDSATATLK,2,y11,NA,H,4,ReplC,12,1261.262436
IDHC,DQTNDQVTVDSATATLK,2,y11,NA,L,4,ReplC,12,102.2910826
IDHC,DQTNDQVTVDSATATLK,2,y8,NA,H,4,ReplC,12,1562.241976
IDHC,DQTNDQVTVDSATATLK,2,y8,NA,L,4,ReplC,12,179.0333903
PMG2,DYEGKPPPVDLDR,3,y6,NA,H,4,ReplC,12,1016.431904
PMG2,DYEGKPPPVDLDR,3,y6,NA,L,4,ReplC,12,2670.522493
PMG2,DYEGKPPPVDLDR,3,y7,NA,H,4,ReplC,12,442.0143465
PMG2,DYEGKPPPVDLDR,3,y7,NA,L,4,ReplC,12,1282.780236
PMG2,DYEGKPPPVDLDR,3,y8,NA,H,4,ReplC,12,53.8703865
PMG2,DYEGKPPPVDLDR,3,y8,NA,L,4,ReplC,12,1405.42038
PMG2,ILEGISDDDIK,2,y4,NA,H,4,ReplC,12,990.14565
PMG2,ILEGISDDDIK,2,y4,NA,L,4,ReplC,12,857.255745
PMG2,ILEGISDDDIK,2,y6,NA,H,4,ReplC,12,1061.613408
PMG2,ILEGISDDDIK,2,y6,NA,L,4,ReplC,12,675.470391
PMG2,ILEGISDDDIK,2,y8,NA,H,4,ReplC,12,114.1934838
PMG2,ILEGISDDDIK,2,y8,NA,L,4,ReplC,12,1094.615494
IDHC,ATDVIVPEEGELR,2,y7,NA,H,5,ReplA,13,97626.0323
IDHC,ATDVIVPEEGELR,2,y8,NA,H,5,ReplA,13,34414.22744
IDHC,ATDVIVPEEGELR,2,y8,NA,L,5,ReplA,13,144.2465398
IDHC,ATDVIVPEEGELR,2,y9,NA,H,5,ReplA,13,21643.59317
IDHC,ATDVIVPEEGELR,2,y9,NA,L,5,ReplA,13,553.988908
IDHC,DQTNDQVTVDSATATLK,2,y10,NA,H,5,ReplA,13,5431.713826
IDHC,DQTNDQVTVDSATATLK,2,y10,NA,L,5,ReplA,13,83.8458084
IDHC,DQTNDQVTVDSATATLK,2,y11,NA,H,5,ReplA,13,2225.820453
IDHC,DQTNDQVTVDSATATLK,2,y11,NA,L,5,ReplA,13,181.2196274
IDHC,DQTNDQVTVDSATATLK,2,y8,NA,H,5,ReplA,13,3028.590659
IDHC,DQTNDQVTVDSATATLK,2,y8,NA,L,5,ReplA,13,221.0675371
PMG2,DYEGKPPPVDLDR,3,y6,NA,H,5,ReplA,13,756.333884
PMG2,DYEGKPPPVDLDR,3,y6,NA,L,5,ReplA,13,1801.210018
PMG2,DYEGKPPPVDLDR,3,y7,NA,H,5,ReplA,13,308.8063303
PMG2,DYEGKPPPVDLDR,3,y7,NA,L,5,ReplA,13,748.91523
PMG2,DYEGKPPPVDLDR,3,y8,NA,H,5,ReplA,13,204.1189307
PMG2,DYEGKPPPVDLDR,3,y8,NA,L,5,ReplA,13,871.632469
PMG2,ILEGISDDDIK,2,y4,NA,H,5,ReplA,13,1561.493181
PMG2,ILEGISDDDIK,2,y4,NA,L,5,ReplA,13,1520.209573
PMG2,ILEGISDDDIK,2,y6,NA,H,5,ReplA,13,1157.134357
PMG2,ILEGISDDDIK,2,y6,NA,L,5,ReplA,13,1730.670811
PMG2,ILEGISDDDIK,2,y8,NA,H,5,ReplA,13,530.885712
PMG2,ILEGISDDDIK,2,y8,NA,L,5,ReplA,13,1874.712095
IDHC,ATDVIVPEEGELR,2,y7,NA,H,5,ReplB,14,45938.05822
IDHC,ATDVIVPEEGELR,2,y8,NA,H,5,ReplB,14,16416.77142
IDHC,ATDVIVPEEGELR,2,y8,NA,L,5,ReplB,14,124.7855951
IDHC,ATDVIVPEEGELR,2,y9,NA,H,5,ReplB,14,10697.74188
IDHC,ATDVIVPEEGELR,2,y9,NA,L,5,ReplB,14,53.6208994
IDHC,DQTNDQVTVDSATATLK,2,y10,NA,L,5,ReplB,14,70.2608936
IDHC,DQTNDQVTVDSATATLK,2,y11,NA,H,5,ReplB,14,1077.526631
IDHC,DQTNDQVTVDSATATLK,2,y11,NA,L,5,ReplB,14,45.165134
IDHC,DQTNDQVTVDSATATLK,2,y8,NA,H,5,ReplB,14,1241.569138
IDHC,DQTNDQVTVDSATATLK,2,y8,NA,L,5,ReplB,14,58.6274759
PMG2,DYEGKPPPVDLDR,3,y6,NA,H,5,ReplB,14,686.377004
PMG2,DYEGKPPPVDLDR,3,y6,NA,L,5,ReplB,14,2524.200078
PMG2,DYEGKPPPVDLDR,3,y7,NA,H,5,ReplB,14,315.0608252
PMG2,DYEGKPPPVDLDR,3,y7,NA,L,5,ReplB,14,1183.63313
PMG2,DYEGKPPPVDLDR,3,y8,NA,H,5,ReplB,14,174.6418847
PMG2,DYEGKPPPVDLDR,3,y8,NA,L,5,ReplB,14,1004.590847
PMG2,ILEGISDDDIK,2,y4,NA,H,5,ReplB,14,882.369408
PMG2,ILEGISDDDIK,2,y4,NA,L,5,ReplB,14,653.191558
PMG2,ILEGISDDDIK,2,y6,NA,H,5,ReplB,14,1006.830483
PMG2,ILEGISDDDIK,2,y6,NA,L,5,ReplB,14,793.026663
PMG2,ILEGISDDDIK,2,y8,NA,H,5,ReplB,14,190.5134517
PMG2,ILEGISDDDIK,2,y8,NA,L,5,ReplB,14,847.307996
IDHC,ATDVIVPEEGELR,2,y7,NA,H,5,ReplC,15,46684.89147
IDHC,ATDVIVPEEGELR,2,y8,NA,H,5,ReplC,15,16065.34647
IDHC,ATDVIVPEEGELR,2,y8,NA,L,5,ReplC,15,12.6626031
IDHC,ATDVIVPEEGELR,2,y9,NA,H,5,ReplC,15,10598.26399
IDHC,ATDVIVPEEGELR,2,y9,NA,L,5,ReplC,15,112.8645612
IDHC,DQTNDQVTVDSATATLK,2,y10,NA,H,5,ReplC,15,2519.7961
IDHC,DQTNDQVTVDSATATLK,2,y10,NA,L,5,ReplC,15,6.7798435
IDHC,DQTNDQVTVDSATATLK,2,y11,NA,H,5,ReplC,15,1269.070067
IDHC,DQTNDQVTVDSATATLK,2,y11,NA,L,5,ReplC,15,132.1447737
IDHC,DQTNDQVTVDSATATLK,2,y8,NA,H,5,ReplC,15,1529.057619
IDHC,DQTNDQVTVDSATATLK,2,y8,NA,L,5,ReplC,15,144.3972425
PMG2,DYEGKPPPVDLDR,3,y6,NA,H,5,ReplC,15,778.578263
PMG2,DYEGKPPPVDLDR,3,y6,NA,L,5,ReplC,15,2346.898534
PMG2,DYEGKPPPVDLDR,3,y7,NA,H,5,ReplC,15,476.4896485
PMG2,DYEGKPPPVDLDR,3,y7,NA,L,5,ReplC,15,1255.4863
PMG2,DYEGKPPPVDLDR,3,y8,NA,H,5,ReplC,15,102.9312939
PMG2,DYEGKPPPVDLDR,3,y8,NA,L,5,ReplC,15,1144.982341
PMG2,ILEGISDDDIK,2,y4,NA,H,5,ReplC,15,655.130342
PMG2,ILEGISDDDIK,2,y4,NA,L,5,ReplC,15,821.512945
PMG2,ILEGISDDDIK,2,y6,NA,H,5,ReplC,15,1011.586966
PMG2,ILEGISDDDIK,2,y6,NA,L,5,ReplC,15,713.571201
PMG2,ILEGISDDDIK,2,y8,NA,H,5,ReplC,15,410.6320553
PMG2,ILEGISDDDIK,2,y8,NA,L,5,ReplC,15,713.383723
IDHC,ATDVIVPEEGELR,2,y7,NA,H,6,ReplA,16,111550.0537
IDHC,ATDVIVPEEGELR,2,y8,NA,H,6,ReplA,16,39215.56012
IDHC,ATDVIVPEEGELR,2,y8,NA,L,6,ReplA,16,4319.439598
IDHC,ATDVIVPEEGELR,2,y9,NA,H,6,ReplA,16,24908.64654
IDHC,ATDVIVPEEGELR,2,y9,NA,L,6,ReplA,16,2796.109682
IDHC,DQTNDQVTVDSATATLK,2,y10,NA,H,6,ReplA,16,5505.901731
IDHC,DQTNDQVTVDSATATLK,2,y10,NA,L,6,ReplA,16,696.82083
IDHC,DQTNDQVTVDSATATLK,2,y11,NA,H,6,ReplA,16,2244.266327
IDHC,DQTNDQVTVDSATATLK,2,y11,NA,L,6,ReplA,16,411.9259183
IDHC,DQTNDQVTVDSATATLK,2,y8,NA,H,6,ReplA,16,2755.906212
IDHC,DQTNDQVTVDSATATLK,2,y8,NA,L,6,ReplA,16,508.5685114
PMG2,DYEGKPPPVDLDR,3,y6,NA,H,6,ReplA,16,925.714576
PMG2,DYEGKPPPVDLDR,3,y6,NA,L,6,ReplA,16,1777.271999
PMG2,DYEGKPPPVDLDR,3,y7,NA,H,6,ReplA,16,346.712109
PMG2,DYEGKPPPVDLDR,3,y7,NA,L,6,ReplA,16,657.136272
PMG2,DYEGKPPPVDLDR,3,y8,NA,H,6,ReplA,16,661.114598
PMG2,DYEGKPPPVDLDR,3,y8,NA,L,6,ReplA,16,676.395676
PMG2,ILEGISDDDIK,2,y4,NA,H,6,ReplA,16,1502.949106
PMG2,ILEGISDDDIK,2,y4,NA,L,6,ReplA,16,1468.057813
PMG2,ILEGISDDDIK,2,y6,NA,H,6,ReplA,16,1120.8264
PMG2,ILEGISDDDIK,2,y6,NA,L,6,ReplA,16,1789.967716
PMG2,ILEGISDDDIK,2,y8,NA,H,6,ReplA,16,501.6053305
PMG2,ILEGISDDDIK,2,y8,NA,L,6,ReplA,16,2431.485491
IDHC,ATDVIVPEEGELR,2,y7,NA,H,6,ReplB,17,52478.36397
IDHC,ATDVIVPEEGELR,2,y8,NA,H,6,ReplB,17,17494.60521
IDHC,ATDVIVPEEGELR,2,y8,NA,L,6,ReplB,17,1886.145105
IDHC,ATDVIVPEEGELR,2,y9,NA,H,6,ReplB,17,11708.93451
IDHC,ATDVIVPEEGELR,2,y9,NA,L,6,ReplB,17,1240.942448
IDHC,DQTNDQVTVDSATATLK,2,y10,NA,H,6,ReplB,17,2484.385189
IDHC,DQTNDQVTVDSATATLK,2,y10,NA,L,6,ReplB,17,326.7524479
IDHC,DQTNDQVTVDSATATLK,2,y11,NA,H,6,ReplB,17,1168.587885
IDHC,DQTNDQVTVDSATATLK,2,y11,NA,L,6,ReplB,17,117.8102405
IDHC,DQTNDQVTVDSATATLK,2,y8,NA,H,6,ReplB,17,1564.904838
IDHC,DQTNDQVTVDSATATLK,2,y8,NA,L,6,ReplB,17,366.127182
PMG2,DYEGKPPPVDLDR,3,y6,NA,H,6,ReplB,17,858.832351
PMG2,DYEGKPPPVDLDR,3,y6,NA,L,6,ReplB,17,2067.974769
PMG2,DYEGKPPPVDLDR,3,y7,NA,H,6,ReplB,17,459.6351976
PMG2,DYEGKPPPVDLDR,3,y7,NA,L,6,ReplB,17,1033.249332
PMG2,DYEGKPPPVDLDR,3,y8,NA,H,6,ReplB,17,126.102983
PMG2,DYEGKPPPVDLDR,3,y8,NA,L,6,ReplB,17,1083.005611
PMG2,ILEGISDDDIK,2,y4,NA,H,6,ReplB,17,662.388738
PMG2,ILEGISDDDIK,2,y4,NA,L,6,ReplB,17,713.719555
PMG2,ILEGISDDDIK,2,y6,NA,H,6,ReplB,17,826.764737
PMG2,ILEGISDDDIK,2,y6,NA,L,6,ReplB,17,748.77315
PMG2,ILEGISDDDIK,2,y8,NA,H,6,ReplB,17,184.836817
PMG2,ILEGISDDDIK,2,y8,NA,L,6,ReplB,17,844.582926
IDHC,ATDVIVPEEGELR,2,y7,NA,H,6,ReplC,18,56063.62431
IDHC,ATDVIVPEEGELR,2,y8,NA,H,6,ReplC,18,18476.94337
IDHC,ATDVIVPEEGELR,2,y8,NA,L,6,ReplC,18,1905.809816
IDHC,ATDVIVPEEGELR,2,y9,NA,H,6,ReplC,18,11825.47039
IDHC,ATDVIVPEEGELR,2,y9,NA,L,6,ReplC,18,1367.724265
IDHC,DQTNDQVTVDSATATLK,2,y10,NA,H,6,ReplC,18,2616.188961
IDHC,DQTNDQVTVDSATATLK,2,y10,NA,L,6,ReplC,18,270.2521219
IDHC,DQTNDQVTVDSATATLK,2,y11,NA,H,6,ReplC,18,993.688979
IDHC,DQTNDQVTVDSATATLK,2,y11,NA,L,6,ReplC,18,144.9373999
IDHC,DQTNDQVTVDSATATLK,2,y8,NA,H,6,ReplC,18,1282.488922
IDHC,DQTNDQVTVDSATATLK,2,y8,NA,L,6,ReplC,18,278.2316776
PMG2,DYEGKPPPVDLDR,3,y6,NA,H,6,ReplC,18,970.637053
PMG2,DYEGKPPPVDLDR,3,y6,NA,L,6,ReplC,18,1975.3272
PMG2,DYEGKPPPVDLDR,3,y7,NA,H,6,ReplC,18,391.0571249
PMG2,DYEGKPPPVDLDR,3,y7,NA,L,6,ReplC,18,968.511196
PMG2,DYEGKPPPVDLDR,3,y8,NA,H,6,ReplC,18,122.2757395
PMG2,DYEGKPPPVDLDR,3,y8,NA,L,6,ReplC,18,886.036098
PMG2,ILEGISDDDIK,2,y4,NA,H,6,ReplC,18,742.102238
PMG2,ILEGISDDDIK,2,y4,NA,L,6,ReplC,18,739.949207
PMG2,ILEGISDDDIK,2,y6,NA,H,6,ReplC,18,753.432572
PMG2,ILEGISDDDIK,2,y6,NA,L,6,ReplC,18,829.550273
PMG2,ILEGISDDDIK,2,y8,NA,H,6,ReplC,18,250.8742781
PMG2,ILEGISDDDIK,2,y8,NA,L,6,ReplC,18,1031.238023
IDHC,ATDVIVPEEGELR,2,y7,NA,H,7,ReplA,19,96222.5364
IDHC,ATDVIVPEEGELR,2,y8,NA,H,7,ReplA,19,33156.6864
IDHC,ATDVIVPEEGELR,2,y8,NA,L,7,ReplA,19,30683.64944
IDHC,ATDVIVPEEGELR,2,y9,NA,H,7,ReplA,19,21202.01327
IDHC,ATDVIVPEEGELR,2,y9,NA,L,7,ReplA,19,18983.73526
IDHC,DQTNDQVTVDSATATLK,2,y10,NA,H,7,ReplA,19,5119.017061
IDHC,DQTNDQVTVDSATATLK,2,y10,NA,L,7,ReplA,19,4812.976007
IDHC,DQTNDQVTVDSATATLK,2,y11,NA,H,7,ReplA,19,2149.666075
IDHC,DQTNDQVTVDSATATLK,2,y11,NA,L,7,ReplA,19,2093.111
IDHC,DQTNDQVTVDSATATLK,2,y8,NA,H,7,ReplA,19,2582.718559
IDHC,DQTNDQVTVDSATATLK,2,y8,NA,L,7,ReplA,19,2523.493025
PMG2,DYEGKPPPVDLDR,3,y6,NA,H,7,ReplA,19,1245.83182
PMG2,DYEGKPPPVDLDR,3,y6,NA,L,7,ReplA,19,2719.953878
PMG2,DYEGKPPPVDLDR,3,y7,NA,H,7,ReplA,19,420.8221891
PMG2,DYEGKPPPVDLDR,3,y7,NA,L,7,ReplA,19,1022.22024
PMG2,DYEGKPPPVDLDR,3,y8,NA,H,7,ReplA,19,319.5007941
PMG2,DYEGKPPPVDLDR,3,y8,NA,L,7,ReplA,19,1463.48096
PMG2,ILEGISDDDIK,2,y4,NA,H,7,ReplA,19,1992.414815
PMG2,ILEGISDDDIK,2,y4,NA,L,7,ReplA,19,3095.690515
PMG2,ILEGISDDDIK,2,y6,NA,H,7,ReplA,19,1511.674211
PMG2,ILEGISDDDIK,2,y6,NA,L,7,ReplA,19,2080.369993
PMG2,ILEGISDDDIK,2,y8,NA,H,7,ReplA,19,696.088208
PMG2,ILEGISDDDIK,2,y8,NA,L,7,ReplA,19,2784.708064
IDHC,ATDVIVPEEGELR,2,y7,NA,H,7,ReplB,20,46116.20583
IDHC,ATDVIVPEEGELR,2,y8,NA,H,7,ReplB,20,15728.12288
IDHC,ATDVIVPEEGELR,2,y8,NA,L,7,ReplB,20,15208.49644
IDHC,ATDVIVPEEGELR,2,y9,NA,H,7,ReplB,20,9732.91435
IDHC,ATDVIVPEEGELR,2,y9,NA,L,7,ReplB,20,9618.16862
IDHC,DQTNDQVTVDSATATLK,2,y10,NA,H,7,ReplB,20,2423.802236
IDHC,DQTNDQVTVDSATATLK,2,y10,NA,L,7,ReplB,20,2362.645591
IDHC,DQTNDQVTVDSATATLK,2,y11,NA,H,7,ReplB,20,1090.659013
IDHC,DQTNDQVTVDSATATLK,2,y11,NA,L,7,ReplB,20,883.591469
IDHC,DQTNDQVTVDSATATLK,2,y8,NA,H,7,ReplB,20,1410.642233
IDHC,DQTNDQVTVDSATATLK,2,y8,NA,L,7,ReplB,20,1355.303559
PMG2,DYEGKPPPVDLDR,3,y6,NA,H,7,ReplB,20,858.424195
PMG2,DYEGKPPPVDLDR,3,y6,NA,L,7,ReplB,20,2001.369431
PMG2,DYEGKPPPVDLDR,3,y7,NA,H,7,ReplB,20,235.8401391
PMG2,DYEGKPPPVDLDR,3,y7,NA,L,7,ReplB,20,749.970805
PMG2,DYEGKPPPVDLDR,3,y8,NA,H,7,ReplB,20,146.0521997
PMG2,DYEGKPPPVDLDR,3,y8,NA,L,7,ReplB,20,921.273514
PMG2,ILEGISDDDIK,2,y4,NA,H,7,ReplB,20,782.628811
PMG2,ILEGISDDDIK,2,y4,NA,L,7,ReplB,20,1817.509162
PMG2,ILEGISDDDIK,2,y6,NA,H,7,ReplB,20,708.344344
PMG2,ILEGISDDDIK,2,y6,NA,L,7,ReplB,20,811.430225
PMG2,ILEGISDDDIK,2,y8,NA,H,7,ReplB,20,376.5359845
PMG2,ILEGISDDDIK,2,y8,NA,L,7,ReplB,20,1251.845673
IDHC,ATDVIVPEEGELR,2,y7,NA,H,7,ReplC,21,48954.49871
IDHC,ATDVIVPEEGELR,2,y8,NA,H,7,ReplC,21,16206.28692
IDHC,ATDVIVPEEGELR,2,y8,NA,L,7,ReplC,21,15686.98017
IDHC,ATDVIVPEEGELR,2,y9,NA,H,7,ReplC,21,10805.38936
IDHC,ATDVIVPEEGELR,2,y9,NA,L,7,ReplC,21,9362.34713
IDHC,DQTNDQVTVDSATATLK,2,y10,NA,H,7,ReplC,21,2370.32474
IDHC,DQTNDQVTVDSATATLK,2,y10,NA,L,7,ReplC,21,2070.347852
IDHC,DQTNDQVTVDSATATLK,2,y11,NA,H,7,ReplC,21,1084.634924
IDHC,DQTNDQVTVDSATATLK,2,y11,NA,L,7,ReplC,21,908.594356
IDHC,DQTNDQVTVDSATATLK,2,y8,NA,H,7,ReplC,21,1246.357248
IDHC,DQTNDQVTVDSATATLK,2,y8,NA,L,7,ReplC,21,1424.932825
PMG2,DYEGKPPPVDLDR,3,y6,NA,H,7,ReplC,21,914.354508
PMG2,DYEGKPPPVDLDR,3,y6,NA,L,7,ReplC,21,1960.732902
PMG2,DYEGKPPPVDLDR,3,y7,NA,H,7,ReplC,21,413.3434258
PMG2,DYEGKPPPVDLDR,3,y7,NA,L,7,ReplC,21,982.166385
PMG2,DYEGKPPPVDLDR,3,y8,NA,H,7,ReplC,21,4.7407474
PMG2,DYEGKPPPVDLDR,3,y8,NA,L,7,ReplC,21,794.706964
PMG2,ILEGISDDDIK,2,y4,NA,H,7,ReplC,21,839.284375
PMG2,ILEGISDDDIK,2,y4,NA,L,7,ReplC,21,1464.881371
PMG2,ILEGISDDDIK,2,y6,NA,H,7,ReplC,21,825.902947
PMG2,ILEGISDDDIK,2,y6,NA,L,7,ReplC,21,974.000749
PMG2,ILEGISDDDIK,2,y8,NA,H,7,ReplC,21,503.6264443
PMG2,ILEGISDDDIK,2,y8,NA,L,7,ReplC,21,1437.779807
IDHC,ATDVIVPEEGELR,2,y7,NA,H,8,ReplA,22,95068.4101
IDHC,ATDVIVPEEGELR,2,y8,NA,H,8,ReplA,22,33129.99701
IDHC,ATDVIVPEEGELR,2,y8,NA,L,8,ReplA,22,35296.81363
IDHC,ATDVIVPEEGELR,2,y9,NA,H,8,ReplA,22,21451.39034
IDHC,ATDVIVPEEGELR,2,y9,NA,L,8,ReplA,22,21834.83357
IDHC,DQTNDQVTVDSATATLK,2,y10,NA,H,8,ReplA,22,4833.546096
IDHC,DQTNDQVTVDSATATLK,2,y10,NA,L,8,ReplA,22,4840.936433
IDHC,DQTNDQVTVDSATATLK,2,y11,NA,H,8,ReplA,22,2004.198981
IDHC,DQTNDQVTVDSATATLK,2,y11,NA,L,8,ReplA,22,2308.165572
IDHC,DQTNDQVTVDSATATLK,2,y8,NA,H,8,ReplA,22,2773.011888
IDHC,DQTNDQVTVDSATATLK,2,y8,NA,L,8,ReplA,22,2940.54417
PMG2,DYEGKPPPVDLDR,3,y6,NA,H,8,ReplA,22,974.677248
PMG2,DYEGKPPPVDLDR,3,y6,NA,L,8,ReplA,22,1942.391114
PMG2,DYEGKPPPVDLDR,3,y7,NA,H,8,ReplA,22,371.3851314
PMG2,DYEGKPPPVDLDR,3,y7,NA,L,8,ReplA,22,701.41013
PMG2,DYEGKPPPVDLDR,3,y8,NA,H,8,ReplA,22,482.2457348
PMG2,DYEGKPPPVDLDR,3,y8,NA,L,8,ReplA,22,767.65573
PMG2,ILEGISDDDIK,2,y4,NA,H,8,ReplA,22,1500.519321
PMG2,ILEGISDDDIK,2,y4,NA,L,8,ReplA,22,2708.478179
PMG2,ILEGISDDDIK,2,y6,NA,H,8,ReplA,22,1182.283055
PMG2,ILEGISDDDIK,2,y6,NA,L,8,ReplA,22,1838.37053
PMG2,ILEGISDDDIK,2,y8,NA,H,8,ReplA,22,585.787969
PMG2,ILEGISDDDIK,2,y8,NA,L,8,ReplA,22,2644.938003
IDHC,ATDVIVPEEGELR,2,y7,NA,H,8,ReplB,23,42359.11
IDHC,ATDVIVPEEGELR,2,y8,NA,H,8,ReplB,23,14752.07673
IDHC,ATDVIVPEEGELR,2,y8,NA,L,8,ReplB,23,15898.80724
IDHC,ATDVIVPEEGELR,2,y9,NA,H,8,ReplB,23,9210.84553
IDHC,ATDVIVPEEGELR,2,y9,NA,L,8,ReplB,23,9687.28192
IDHC,DQTNDQVTVDSATATLK,2,y10,NA,H,8,ReplB,23,2657.420286
IDHC,DQTNDQVTVDSATATLK,2,y10,NA,L,8,ReplB,23,2799.877204
IDHC,DQTNDQVTVDSATATLK,2,y11,NA,H,8,ReplB,23,1089.14528
IDHC,DQTNDQVTVDSATATLK,2,y11,NA,L,8,ReplB,23,1041.398654
IDHC,DQTNDQVTVDSATATLK,2,y8,NA,H,8,ReplB,23,1367.997902
IDHC,DQTNDQVTVDSATATLK,2,y8,NA,L,8,ReplB,23,1675.801338
PMG2,DYEGKPPPVDLDR,3,y6,NA,H,8,ReplB,23,1154.300335
PMG2,DYEGKPPPVDLDR,3,y6,NA,L,8,ReplB,23,2220.271222
PMG2,DYEGKPPPVDLDR,3,y7,NA,H,8,ReplB,23,356.9046977
PMG2,DYEGKPPPVDLDR,3,y7,NA,L,8,ReplB,23,1083.696916
PMG2,DYEGKPPPVDLDR,3,y8,NA,H,8,ReplB,23,539.321688
PMG2,DYEGKPPPVDLDR,3,y8,NA,L,8,ReplB,23,1160.124283
PMG2,ILEGISDDDIK,2,y4,NA,H,8,ReplB,23,769.428929
PMG2,ILEGISDDDIK,2,y4,NA,L,8,ReplB,23,1493.955001
PMG2,ILEGISDDDIK,2,y6,NA,H,8,ReplB,23,903.151876
PMG2,ILEGISDDDIK,2,y6,NA,L,8,ReplB,23,814.324363
PMG2,ILEGISDDDIK,2,y8,NA,H,8,ReplB,23,449.6757171
PMG2,ILEGISDDDIK,2,y8,NA,L,8,ReplB,23,988.186358
IDHC,ATDVIVPEEGELR,2,y7,NA,H,8,ReplC,24,42835.91811
IDHC,ATDVIVPEEGELR,2,y8,NA,H,8,ReplC,24,15247.00098
IDHC,ATDVIVPEEGELR,2,y8,NA,L,8,ReplC,24,15724.99254
IDHC,ATDVIVPEEGELR,2,y9,NA,H,8,ReplC,24,9598.64897
IDHC,ATDVIVPEEGELR,2,y9,NA,L,8,ReplC,24,9869.2345
IDHC,DQTNDQVTVDSATATLK,2,y10,NA,H,8,ReplC,24,2372.223872
IDHC,DQTNDQVTVDSATATLK,2,y10,NA,L,8,ReplC,24,2524.564747
IDHC,DQTNDQVTVDSATATLK,2,y11,NA,H,8,ReplC,24,1067.005225
IDHC,DQTNDQVTVDSATATLK,2,y11,NA,L,8,ReplC,24,1136.155989
IDHC,DQTNDQVTVDSATATLK,2,y8,NA,H,8,ReplC,24,1350.477139
IDHC,DQTNDQVTVDSATATLK,2,y8,NA,L,8,ReplC,24,1587.566385
PMG2,DYEGKPPPVDLDR,3,y6,NA,H,8,ReplC,24,1016.461282
PMG2,DYEGKPPPVDLDR,3,y6,NA,L,8,ReplC,24,1690.624682
PMG2,DYEGKPPPVDLDR,3,y7,NA,H,8,ReplC,24,433.1670393
PMG2,DYEGKPPPVDLDR,3,y7,NA,L,8,ReplC,24,929.269019
PMG2,DYEGKPPPVDLDR,3,y8,NA,H,8,ReplC,24,477.4277699
PMG2,DYEGKPPPVDLDR,3,y8,NA,L,8,ReplC,24,947.382084
PMG2,ILEGISDDDIK,2,y4,NA,H,8,ReplC,24,965.246971
PMG2,ILEGISDDDIK,2,y4,NA,L,8,ReplC,24,1582.336378
PMG2,ILEGISDDDIK,2,y6,NA,H,8,ReplC,24,687.599486
PMG2,ILEGISDDDIK,2,y6,NA,L,8,ReplC,24,824.798924
PMG2,ILEGISDDDIK,2,y8,NA,H,8,ReplC,24,268.0681648
PMG2,ILEGISDDDIK,2,y8,NA,L,8,ReplC,24,1255.831548
IDHC,ATDVIVPEEGELR,2,y7,NA,H,9,ReplA,25,105101.9658
IDHC,ATDVIVPEEGELR,2,y8,NA,H,9,ReplA,25,35124.19758
IDHC,ATDVIVPEEGELR,2,y8,NA,L,9,ReplA,25,34081.52845
IDHC,ATDVIVPEEGELR,2,y9,NA,H,9,ReplA,25,22306.36864
IDHC,ATDVIVPEEGELR,2,y9,NA,L,9,ReplA,25,21531.54813
IDHC,DQTNDQVTVDSATATLK,2,y10,NA,H,9,ReplA,25,4836.791048
IDHC,DQTNDQVTVDSATATLK,2,y10,NA,L,9,ReplA,25,5025.594401
IDHC,DQTNDQVTVDSATATLK,2,y11,NA,H,9,ReplA,25,2264.480383
IDHC,DQTNDQVTVDSATATLK,2,y11,NA,L,9,ReplA,25,2290.155204
IDHC,DQTNDQVTVDSATATLK,2,y8,NA,H,9,ReplA,25,3086.556174
IDHC,DQTNDQVTVDSATATLK,2,y8,NA,L,9,ReplA,25,2639.655669
PMG2,DYEGKPPPVDLDR,3,y6,NA,H,9,ReplA,25,867.022688
PMG2,DYEGKPPPVDLDR,3,y6,NA,L,9,ReplA,25,1976.597698
PMG2,DYEGKPPPVDLDR,3,y7,NA,H,9,ReplA,25,330.7576351
PMG2,DYEGKPPPVDLDR,3,y7,NA,L,9,ReplA,25,884.815784
PMG2,DYEGKPPPVDLDR,3,y8,NA,H,9,ReplA,25,156.6929416
PMG2,DYEGKPPPVDLDR,3,y8,NA,L,9,ReplA,25,640.476874
PMG2,ILEGISDDDIK,2,y4,NA,H,9,ReplA,25,1365.894424
PMG2,ILEGISDDDIK,2,y4,NA,L,9,ReplA,25,3126.755202
PMG2,ILEGISDDDIK,2,y6,NA,H,9,ReplA,25,1167.730096
PMG2,ILEGISDDDIK,2,y6,NA,L,9,ReplA,25,1746.681822
PMG2,ILEGISDDDIK,2,y8,NA,H,9,ReplA,25,695.669195
PMG2,ILEGISDDDIK,2,y8,NA,L,9,ReplA,25,2600.104327
IDHC,ATDVIVPEEGELR,2,y7,NA,H,9,ReplB,26,48584.69804
IDHC,ATDVIVPEEGELR,2,y8,NA,H,9,ReplB,26,17155.6531
IDHC,ATDVIVPEEGELR,2,y8,NA,L,9,ReplB,26,17655.22641
IDHC,ATDVIVPEEGELR,2,y9,NA,H,9,ReplB,26,11108.61923
IDHC,ATDVIVPEEGELR,2,y9,NA,L,9,ReplB,26,10910.31631
IDHC,DQTNDQVTVDSATATLK,2,y10,NA,H,9,ReplB,26,2567.363034
IDHC,DQTNDQVTVDSATATLK,2,y10,NA,L,9,ReplB,26,2462.995232
IDHC,DQTNDQVTVDSATATLK,2,y11,NA,H,9,ReplB,26,1105.25094
IDHC,DQTNDQVTVDSATATLK,2,y11,NA,L,9,ReplB,26,1218.906414
IDHC,DQTNDQVTVDSATATLK,2,y8,NA,H,9,ReplB,26,1545.204729
IDHC,DQTNDQVTVDSATATLK,2,y8,NA,L,9,ReplB,26,1553.162062
PMG2,DYEGKPPPVDLDR,3,y6,NA,H,9,ReplB,26,1004.194433
PMG2,DYEGKPPPVDLDR,3,y6,NA,L,9,ReplB,26,1884.454333
PMG2,DYEGKPPPVDLDR,3,y7,NA,H,9,ReplB,26,436.4397902
PMG2,DYEGKPPPVDLDR,3,y7,NA,L,9,ReplB,26,967.662224
PMG2,DYEGKPPPVDLDR,3,y8,NA,H,9,ReplB,26,190.4375453
PMG2,DYEGKPPPVDLDR,3,y8,NA,L,9,ReplB,26,990.282378
PMG2,ILEGISDDDIK,2,y4,NA,H,9,ReplB,26,922.793931
PMG2,ILEGISDDDIK,2,y4,NA,L,9,ReplB,26,2063.749135
PMG2,ILEGISDDDIK,2,y6,NA,H,9,ReplB,26,746.156891
PMG2,ILEGISDDDIK,2,y6,NA,L,9,ReplB,26,680.735318
PMG2,ILEGISDDDIK,2,y8,NA,H,9,ReplB,26,472.0479164
PMG2,ILEGISDDDIK,2,y8,NA,L,9,ReplB,26,1434.159289
IDHC,ATDVIVPEEGELR,2,y7,NA,H,9,ReplC,27,44066.0689
IDHC,ATDVIVPEEGELR,2,y8,NA,H,9,ReplC,27,15074.26445
IDHC,ATDVIVPEEGELR,2,y8,NA,L,9,ReplC,27,15312.10257
IDHC,ATDVIVPEEGELR,2,y9,NA,H,9,ReplC,27,9740.80858
IDHC,ATDVIVPEEGELR,2,y9,NA,L,9,ReplC,27,10031.12404
IDHC,DQTNDQVTVDSATATLK,2,y10,NA,H,9,ReplC,27,2665.390774
IDHC,DQTNDQVTVDSATATLK,2,y10,NA,L,9,ReplC,27,2466.241893
IDHC,DQTNDQVTVDSATATLK,2,y11,NA,H,9,ReplC,27,1206.180386
IDHC,DQTNDQVTVDSATATLK,2,y11,NA,L,9,ReplC,27,1096.241094
IDHC,DQTNDQVTVDSATATLK,2,y8,NA,H,9,ReplC,27,1611.53302
IDHC,DQTNDQVTVDSATATLK,2,y8,NA,L,9,ReplC,27,1563.247982
PMG2,DYEGKPPPVDLDR,3,y6,NA,H,9,ReplC,27,1097.188984
PMG2,DYEGKPPPVDLDR,3,y6,NA,L,9,ReplC,27,1951.561433
PMG2,DYEGKPPPVDLDR,3,y7,NA,H,9,ReplC,27,517.355495
PMG2,DYEGKPPPVDLDR,3,y7,NA,L,9,ReplC,27,999.329188
PMG2,DYEGKPPPVDLDR,3,y8,NA,H,9,ReplC,27,175.4826829
PMG2,DYEGKPPPVDLDR,3,y8,NA,L,9,ReplC,27,988.831734
PMG2,ILEGISDDDIK,2,y4,NA,H,9,ReplC,27,1242.329694
PMG2,ILEGISDDDIK,2,y4,NA,L,9,ReplC,27,1971.035772
PMG2,ILEGISDDDIK,2,y6,NA,H,9,ReplC,27,1062.745894
PMG2,ILEGISDDDIK,2,y6,NA,L,9,ReplC,27,1038.194889
PMG2,ILEGISDDDIK,2,y8,NA,H,9,ReplC,27,468.5871167
PMG2,ILEGISDDDIK,2,y8,NA,L,9,ReplC,27,1534.275655
IDHC,ATDVIVPEEGELR,2,y7,NA,H,10,ReplA,28,115788.507
IDHC,ATDVIVPEEGELR,2,y8,NA,H,10,ReplA,28,39351.63602
IDHC,ATDVIVPEEGELR,2,y8,NA,L,10,ReplA,28,41776.89343
IDHC,ATDVIVPEEGELR,2,y9,NA,H,10,ReplA,28,25437.0916
IDHC,ATDVIVPEEGELR,2,y9,NA,L,10,ReplA,28,25407.98024
IDHC,DQTNDQVTVDSATATLK,2,y10,NA,H,10,ReplA,28,4785.622461
IDHC,DQTNDQVTVDSATATLK,2,y10,NA,L,10,ReplA,28,5082.448498
IDHC,DQTNDQVTVDSATATLK,2,y11,NA,H,10,ReplA,28,2075.128399
IDHC,DQTNDQVTVDSATATLK,2,y11,NA,L,10,ReplA,28,2159.051932
IDHC,DQTNDQVTVDSATATLK,2,y8,NA,H,10,ReplA,28,2529.626409
IDHC,DQTNDQVTVDSATATLK,2,y8,NA,L,10,ReplA,28,3033.130908
PMG2,DYEGKPPPVDLDR,3,y6,NA,H,10,ReplA,28,1387.205907
PMG2,DYEGKPPPVDLDR,3,y6,NA,L,10,ReplA,28,3080.786108
PMG2,DYEGKPPPVDLDR,3,y7,NA,H,10,ReplA,28,730.709892
PMG2,DYEGKPPPVDLDR,3,y7,NA,L,10,ReplA,28,1445.842431
PMG2,DYEGKPPPVDLDR,3,y8,NA,H,10,ReplA,28,327.6863801
PMG2,DYEGKPPPVDLDR,3,y8,NA,L,10,ReplA,28,1338.279719
PMG2,ILEGISDDDIK,2,y4,NA,H,10,ReplA,28,1315.180642
PMG2,ILEGISDDDIK,2,y4,NA,L,10,ReplA,28,2484.053649
PMG2,ILEGISDDDIK,2,y6,NA,H,10,ReplA,28,1195.429453
PMG2,ILEGISDDDIK,2,y6,NA,L,10,ReplA,28,1738.723265
PMG2,ILEGISDDDIK,2,y8,NA,H,10,ReplA,28,840.476008
PMG2,ILEGISDDDIK,2,y8,NA,L,10,ReplA,28,2112.682007
IDHC,ATDVIVPEEGELR,2,y7,NA,H,10,ReplB,29,47438.91619
IDHC,ATDVIVPEEGELR,2,y8,NA,H,10,ReplB,29,15754.49055
IDHC,ATDVIVPEEGELR,2,y8,NA,L,10,ReplB,29,17210.13392
IDHC,ATDVIVPEEGELR,2,y9,NA,H,10,ReplB,29,10343.95418
IDHC,ATDVIVPEEGELR,2,y9,NA,L,10,ReplB,29,10597.8034
IDHC,DQTNDQVTVDSATATLK,2,y10,NA,H,10,ReplB,29,2544.131473
IDHC,DQTNDQVTVDSATATLK,2,y10,NA,L,10,ReplB,29,2534.163492
IDHC,DQTNDQVTVDSATATLK,2,y11,NA,H,10,ReplB,29,933.424635
IDHC,DQTNDQVTVDSATATLK,2,y11,NA,L,10,ReplB,29,1197.978585
IDHC,DQTNDQVTVDSATATLK,2,y8,NA,H,10,ReplB,29,1424.448557
IDHC,DQTNDQVTVDSATATLK,2,y8,NA,L,10,ReplB,29,1429.883974
PMG2,DYEGKPPPVDLDR,3,y6,NA,H,10,ReplB,29,781.917632
PMG2,DYEGKPPPVDLDR,3,y6,NA,L,10,ReplB,29,2108.908841
PMG2,DYEGKPPPVDLDR,3,y7,NA,H,10,ReplB,29,375.1272282
PMG2,DYEGKPPPVDLDR,3,y7,NA,L,10,ReplB,29,919.900209
PMG2,DYEGKPPPVDLDR,3,y8,NA,H,10,ReplB,29,366.3286
PMG2,DYEGKPPPVDLDR,3,y8,NA,L,10,ReplB,29,1064.131341
PMG2,ILEGISDDDIK,2,y4,NA,H,10,ReplB,29,770.974442
PMG2,ILEGISDDDIK,2,y4,NA,L,10,ReplB,29,1674.718697
PMG2,ILEGISDDDIK,2,y6,NA,H,10,ReplB,29,796.305612
PMG2,ILEGISDDDIK,2,y6,NA,L,10,ReplB,29,656.797252
PMG2,ILEGISDDDIK,2,y8,NA,H,10,ReplB,29,508.454377
PMG2,ILEGISDDDIK,2,y8,NA,L,10,ReplB,29,1077.274457
IDHC,ATDVIVPEEGELR,2,y7,NA,H,10,ReplC,30,53699.86229
IDHC,ATDVIVPEEGELR,2,y8,NA,H,10,ReplC,30,20092.69854
IDHC,ATDVIVPEEGELR,2,y8,NA,L,10,ReplC,30,20200.7943
IDHC,ATDVIVPEEGELR,2,y9,NA,H,10,ReplC,30,12038.23062
IDHC,ATDVIVPEEGELR,2,y9,NA,L,10,ReplC,30,12738.96345
IDHC,DQTNDQVTVDSATATLK,2,y10,NA,H,10,ReplC,30,2456.201913
IDHC,DQTNDQVTVDSATATLK,2,y10,NA,L,10,ReplC,30,2500.152591
IDHC,DQTNDQVTVDSATATLK,2,y11,NA,H,10,ReplC,30,1036.389038
IDHC,DQTNDQVTVDSATATLK,2,y11,NA,L,10,ReplC,30,1134.693369
IDHC,DQTNDQVTVDSATATLK,2,y8,NA,H,10,ReplC,30,1476.37577
IDHC,DQTNDQVTVDSATATLK,2,y8,NA,L,10,ReplC,30,1396.050778
PMG2,DYEGKPPPVDLDR,3,y6,NA,H,10,ReplC,30,998.260604
PMG2,DYEGKPPPVDLDR,3,y6,NA,L,10,ReplC,30,1861.856958
PMG2,DYEGKPPPVDLDR,3,y7,NA,H,10,ReplC,30,470.1103435
PMG2,DYEGKPPPVDLDR,3,y7,NA,L,10,ReplC,30,864.978534
PMG2,DYEGKPPPVDLDR,3,y8,NA,H,10,ReplC,30,210.9485439
PMG2,DYEGKPPPVDLDR,3,y8,NA,L,10,ReplC,30,1090.95772
PMG2,ILEGISDDDIK,2,y4,NA,H,10,ReplC,30,790.712
PMG2,ILEGISDDDIK,2,y4,NA,L,10,ReplC,30,1695.227759
PMG2,ILEGISDDDIK,2,y6,NA,H,10,ReplC,30,948.576652
PMG2,ILEGISDDDIK,2,y6,NA,L,10,ReplC,30,884.79224
PMG2,ILEGISDDDIK,2,y8,NA,H,10,ReplC,30,551.52381
PMG2,ILEGISDDDIK,2,y8,NA,L,10,ReplC,30,1345.822853
PMG2,DYEGKPPPVDLDR,3,y6,NA,H,2,ReplB,5,1443.824514
